{"type":"FeatureCollection","features":[{"type":"Feature","id":1,"properties":{"code":1,"slug":"mombasa","name":"Mombasa"},"geometry":{"type":"MultiPolygon","coordinates":[[[[39.64795,-3.95101],[39.65613,-3.95563],[39.65851,-3.94458],[39.66211,-3.94769],[39.66028,-3.97162],[39.66431,-3.97931],[39.66748,-3.97089],[39.66791,-3.9845],[39.6723,-3.987],[39.66669,-3.99463],[39.67108,-4.00513],[39.66052,-4.01178],[39.66052,-4.01941],[39.67249,-4.02069],[39.67151,-4.01532],[39.6745,-4.01349],[39.67389,-4.02161],[39.66888,-4.02319],[39.67072,-4.03009],[39.67609,-4.0318],[39.6731,-4.0412],[39.68011,-4.04199],[39.68488,-4.06012],[39.69788,-4.0592],[39.73029,-4.01801],[39.72528,-4.00781],[39.73328,-3.99078],[39.76367,-3.95709],[39.73633,-3.94812],[39.72449,-3.95239],[39.70972,-3.94678],[39.70892,-3.9588],[39.70349,-3.95569],[39.70752,-3.9502],[39.69873,-3.95398],[39.70093,-3.94971],[39.68652,-3.94989],[39.68689,-3.9436],[39.69849,-3.94879],[39.70709,-3.94513],[39.69647,-3.94],[39.69531,-3.93121],[39.69031,-3.93359],[39.69568,-3.92328],[39.67047,-3.9187],[39.64191,-3.9231],[39.64288,-3.9317],[39.64929,-3.93329],[39.65271,-3.94281],[39.64795,-3.95101]]],[[[39.56738,-3.99278],[39.5675,-4.01929],[39.5741,-4.02399],[39.58771,-4.02399],[39.58411,-4.04309],[39.63788,-4.04102],[39.63708,-4.0304],[39.64807,-4.03168],[39.64948,-4.02728],[39.63971,-4.02618],[39.63428,-3.98828],[39.62769,-3.98761],[39.62292,-3.99591],[39.6239,-3.98993],[39.61151,-3.98718],[39.61493,-3.98523],[39.61151,-3.98071],[39.59668,-3.98523],[39.60773,-3.9754],[39.60712,-3.96417],[39.60229,-3.96503],[39.6059,-3.953],[39.59808,-3.94733],[39.58331,-3.96722],[39.56789,-3.97493],[39.57391,-3.98541],[39.56738,-3.99278]]],[[[39.62531,-4.1449],[39.64093,-4.15503],[39.67371,-4.08972],[39.67352,-4.08051],[39.65991,-4.07922],[39.65253,-4.07233],[39.64587,-4.07959],[39.64868,-4.07422],[39.64172,-4.06732],[39.63751,-4.04907],[39.63611,-4.05798],[39.62848,-4.06183],[39.61688,-4.05902],[39.62207,-4.06531],[39.62189,-4.07068],[39.61749,-4.06311],[39.59229,-4.06311],[39.5979,-4.065],[39.59747,-4.07037],[39.59369,-4.06787],[39.58649,-4.07532],[39.58911,-4.08319],[39.58392,-4.0896],[39.59308,-4.10529],[39.5863,-4.11688],[39.59509,-4.11499],[39.59528,-4.10168],[39.60809,-4.08911],[39.63129,-4.12018],[39.6377,-4.12061],[39.62531,-4.1449]]],[[[39.67389,-4.03412],[39.65729,-4.0293],[39.64868,-4.03668],[39.64008,-4.03888],[39.64691,-4.05841],[39.66107,-4.07031],[39.66168,-4.06598],[39.66193,-4.07288],[39.66949,-4.07721],[39.6817,-4.0683],[39.67432,-4.05243],[39.6759,-4.04388],[39.67047,-4.04388],[39.66827,-4.03827],[39.67389,-4.03412]]],[[[39.62769,-3.96191],[39.61987,-3.95801],[39.6145,-3.96637],[39.6167,-3.97388],[39.63049,-3.97919],[39.63733,-3.96881],[39.6521,-3.97803],[39.65192,-3.9856],[39.6601,-3.9845],[39.65149,-3.96649],[39.65552,-3.96429],[39.65289,-3.9588],[39.64069,-3.95569],[39.62769,-3.96191]]],[[[39.57849,-4.1192],[39.58429,-4.1178],[39.5813,-4.11578],[39.57849,-4.1192]]],[[[39.66412,-3.99048],[39.66748,-3.99042],[39.66669,-3.9884],[39.66412,-3.99048]]],[[[39.61188,-3.961],[39.6145,-3.95941],[39.61151,-3.96002],[39.61188,-3.961]]],[[[39.64587,-4.03589],[39.64752,-4.03479],[39.64569,-4.03418],[39.64587,-4.03589]]]]}},{"type":"Feature","id":2,"properties":{"code":2,"slug":"kwale","name":"Kwale"},"geometry":{"type":"MultiPolygon","coordinates":[[[[39.09229,-3.56708],[39.06127,-3.68927],[38.96508,-3.63179],[38.92751,-3.69546],[39.03683,-3.75974],[38.94527,-3.95891],[38.44647,-4.13721],[39.19128,-4.65808],[39.19391,-4.66718],[39.20227,-4.66577],[39.20648,-4.67499],[39.21869,-4.6767],[39.2251,-4.6651],[39.21887,-4.67029],[39.21307,-4.66553],[39.21069,-4.65961],[39.2157,-4.66302],[39.2207,-4.65082],[39.21368,-4.65253],[39.21088,-4.64679],[39.21771,-4.63361],[39.2215,-4.6347],[39.2323,-4.63098],[39.22247,-4.63159],[39.22607,-4.62201],[39.23248,-4.61987],[39.22607,-4.61609],[39.23389,-4.61139],[39.23792,-4.61652],[39.24512,-4.60199],[39.24872,-4.60358],[39.24829,-4.61298],[39.25787,-4.59747],[39.2627,-4.60272],[39.26892,-4.59991],[39.25153,-4.59167],[39.25128,-4.58429],[39.24213,-4.57678],[39.2439,-4.56677],[39.26208,-4.58209],[39.27112,-4.57837],[39.27429,-4.58429],[39.2771,-4.57898],[39.2793,-4.58398],[39.29468,-4.56659],[39.31891,-4.5639],[39.31311,-4.55188],[39.32312,-4.56073],[39.33313,-4.5592],[39.33588,-4.56671],[39.32971,-4.56519],[39.31873,-4.5766],[39.3161,-4.59082],[39.32031,-4.59491],[39.30847,-4.60687],[39.31848,-4.6026],[39.3255,-4.61249],[39.31989,-4.61139],[39.31952,-4.61798],[39.31372,-4.61328],[39.30988,-4.63147],[39.31708,-4.63031],[39.3175,-4.63458],[39.3197,-4.63147],[39.32892,-4.64081],[39.3479,-4.6347],[39.37952,-4.64508],[39.39948,-4.64423],[39.40369,-4.63708],[39.38928,-4.59448],[39.39447,-4.58228],[39.38751,-4.58868],[39.3855,-4.56232],[39.37433,-4.55499],[39.37549,-4.53967],[39.37708,-4.54327],[39.39252,-4.54327],[39.39093,-4.55231],[39.40527,-4.54541],[39.40973,-4.54773],[39.41528,-4.5318],[39.4267,-4.53308],[39.42249,-4.51459],[39.42767,-4.51117],[39.43829,-4.51703],[39.44312,-4.5033],[39.45709,-4.51758],[39.46228,-4.53027],[39.47632,-4.48621],[39.4967,-4.46588],[39.49872,-4.4433],[39.48889,-4.4389],[39.50128,-4.44098],[39.50787,-4.43561],[39.51129,-4.42169],[39.50873,-4.41541],[39.50568,-4.42047],[39.50787,-4.39917],[39.51691,-4.40179],[39.5191,-4.39838],[39.52148,-4.40479],[39.52631,-4.40179],[39.53131,-4.4057],[39.53552,-4.41968],[39.53229,-4.43512],[39.53748,-4.43591],[39.54791,-4.38849],[39.59668,-4.26978],[39.59613,-4.2569],[39.58289,-4.25598],[39.5979,-4.25488],[39.6131,-4.20142],[39.64069,-4.15521],[39.62531,-4.1449],[39.6377,-4.12061],[39.63129,-4.12018],[39.60809,-4.08911],[39.59528,-4.10168],[39.59509,-4.11499],[39.57672,-4.11951],[39.58673,-4.10242],[39.57892,-4.08539],[39.57672,-4.03729],[39.56293,-4.01959],[39.57013,-4.00317],[39.5675,-3.99298],[39.55389,-3.98322],[39.54272,-3.99139],[39.54431,-3.96912],[39.52533,-3.94598],[39.52789,-3.92981],[39.52069,-3.9278],[39.52032,-3.9162],[39.50012,-3.90131],[39.49432,-3.88428],[39.48352,-3.88019],[39.46613,-3.85779],[39.44513,-3.84747],[39.42029,-3.8194],[39.40167,-3.8194],[39.39673,-3.82349],[39.37732,-3.80658],[39.37549,-3.78961],[39.38849,-3.78131],[39.38788,-3.77472],[39.38049,-3.77051],[39.39172,-3.7652],[39.39093,-3.73541],[39.37268,-3.7395],[39.35651,-3.72668],[39.35327,-3.70648],[39.34668,-3.70111],[39.34991,-3.69202],[39.3537,-3.69238],[39.35449,-3.65271],[39.34833,-3.63702],[39.34253,-3.63568],[39.34711,-3.60022],[39.33868,-3.5907],[39.32672,-3.58728],[39.31891,-3.56378],[39.29993,-3.5683],[39.09229,-3.56708]]],[[[39.45349,-4.55878],[39.46008,-4.55261],[39.46112,-4.53662],[39.45288,-4.5321],[39.44531,-4.55859],[39.43231,-4.55157],[39.43109,-4.55957],[39.4259,-4.5553],[39.43347,-4.56293],[39.43628,-4.58789],[39.44092,-4.58911],[39.45331,-4.5744],[39.45349,-4.55878]]],[[[39.39288,-4.65869],[39.36072,-4.65289],[39.36432,-4.65973],[39.36029,-4.66357],[39.4035,-4.6684],[39.39868,-4.65491],[39.39288,-4.65869]]],[[[39.30969,-4.5744],[39.29871,-4.5752],[39.30249,-4.59009],[39.3103,-4.58002],[39.30969,-4.5744]]],[[[39.22992,-4.64783],[39.22729,-4.64038],[39.22308,-4.64252],[39.22571,-4.64807],[39.22992,-4.64783]]],[[[39.24609,-4.62097],[39.24689,-4.61713],[39.24213,-4.6123],[39.24231,-4.61877],[39.24609,-4.62097]]],[[[39.24933,-4.6142],[39.2583,-4.61212],[39.25732,-4.6095],[39.24933,-4.6142]]],[[[39.29211,-4.59998],[39.28833,-4.59192],[39.28851,-4.58838],[39.28668,-4.59552],[39.29211,-4.59998]]],[[[39.40692,-4.57758],[39.40973,-4.57361],[39.40051,-4.57672],[39.40692,-4.57758]]],[[[39.23669,-4.6275],[39.2403,-4.62469],[39.23907,-4.62238],[39.23669,-4.6275]]],[[[39.53333,-4.44421],[39.53571,-4.44092],[39.53589,-4.43921],[39.53192,-4.44098],[39.53333,-4.44421]]],[[[39.22992,-4.6391],[39.23132,-4.6347],[39.22913,-4.63849],[39.22992,-4.6391]]],[[[39.21631,-4.64423],[39.22113,-4.64331],[39.21729,-4.64148],[39.21631,-4.64423]]],[[[39.2301,-4.65039],[39.23413,-4.64838],[39.23248,-4.6463],[39.2301,-4.65039]]],[[[39.26007,-4.61029],[39.26508,-4.61041],[39.25873,-4.60858],[39.26007,-4.61029]]],[[[39.40527,-4.70221],[39.40747,-4.69958],[39.40369,-4.70068],[39.40527,-4.70221]]],[[[39.4137,-4.56848],[39.41608,-4.56958],[39.41553,-4.5675],[39.4137,-4.56848]]],[[[39.39911,-4.57379],[39.40009,-4.57269],[39.39752,-4.57269],[39.39911,-4.57379]]],[[[39.39789,-4.685],[39.39728,-4.68298],[39.39587,-4.68359],[39.39789,-4.685]]],[[[39.40051,-4.68469],[39.4021,-4.68329],[39.3999,-4.68359],[39.40051,-4.68469]]],[[[39.40167,-4.57233],[39.40289,-4.57098],[39.40149,-4.57098],[39.40167,-4.57233]]],[[[39.21973,-4.63898],[39.22089,-4.63898],[39.22052,-4.63782],[39.21973,-4.63898]]]]}},{"type":"Feature","id":3,"properties":{"code":3,"slug":"kilifi","name":"Kilifi"},"geometry":{"type":"MultiPolygon","coordinates":[[[[39.21737,-3.07293],[39.09229,-3.56708],[39.29993,-3.5683],[39.31891,-3.56378],[39.32672,-3.58728],[39.33868,-3.5907],[39.34711,-3.60022],[39.34253,-3.63568],[39.34833,-3.63702],[39.35449,-3.65271],[39.3537,-3.69238],[39.34991,-3.69202],[39.34668,-3.70111],[39.35327,-3.70648],[39.35651,-3.72668],[39.37268,-3.7395],[39.39093,-3.73541],[39.39172,-3.7652],[39.38049,-3.77051],[39.38788,-3.77472],[39.38849,-3.78131],[39.37549,-3.78961],[39.37732,-3.80658],[39.39673,-3.82349],[39.40167,-3.8194],[39.42029,-3.8194],[39.44513,-3.84747],[39.46613,-3.85779],[39.48352,-3.88019],[39.49432,-3.88428],[39.50012,-3.90131],[39.51569,-3.9104],[39.52069,-3.9278],[39.52789,-3.92981],[39.52533,-3.94598],[39.54431,-3.96912],[39.54272,-3.99139],[39.55389,-3.98322],[39.56732,-3.99292],[39.57391,-3.98541],[39.56789,-3.97493],[39.58331,-3.96722],[39.59808,-3.94733],[39.60852,-3.95831],[39.61951,-3.95459],[39.62769,-3.96191],[39.64069,-3.95569],[39.64948,-3.95801],[39.6463,-3.94867],[39.65271,-3.94281],[39.64929,-3.93329],[39.64288,-3.9317],[39.64191,-3.9231],[39.67047,-3.9187],[39.6889,-3.92188],[39.69092,-3.90662],[39.69531,-3.91162],[39.70868,-3.90521],[39.71228,-3.89331],[39.71771,-3.89258],[39.7179,-3.89642],[39.70331,-3.92249],[39.7113,-3.93091],[39.70947,-3.93958],[39.7135,-3.94641],[39.72552,-3.94952],[39.73572,-3.94531],[39.75067,-3.9538],[39.76428,-3.94952],[39.77551,-3.93628],[39.78589,-3.90552],[39.82928,-3.8186],[39.84369,-3.76141],[39.86969,-3.69299],[39.86511,-3.67609],[39.85449,-3.6792],[39.83868,-3.67401],[39.85449,-3.67761],[39.86511,-3.6745],[39.86713,-3.6521],[39.86151,-3.63959],[39.84369,-3.63568],[39.83649,-3.62891],[39.82867,-3.63708],[39.82568,-3.6333],[39.8183,-3.64539],[39.8053,-3.64722],[39.8009,-3.63953],[39.79529,-3.6438],[39.79272,-3.63141],[39.77948,-3.62091],[39.78967,-3.6181],[39.79608,-3.62531],[39.80908,-3.62048],[39.80389,-3.61798],[39.80292,-3.6106],[39.77972,-3.60968],[39.77112,-3.59662],[39.7713,-3.58838],[39.78571,-3.5777],[39.78693,-3.5824],[39.78009,-3.58441],[39.78113,-3.59412],[39.7771,-3.5929],[39.78149,-3.60791],[39.78772,-3.60687],[39.78967,-3.60077],[39.7915,-3.60431],[39.81311,-3.60162],[39.84387,-3.6308],[39.86353,-3.63318],[39.86969,-3.62799],[39.90332,-3.56],[39.92633,-3.49042],[39.96832,-3.40082],[39.96552,-3.38788],[39.95172,-3.38348],[39.94733,-3.37671],[39.93512,-3.38672],[39.94348,-3.3739],[39.93408,-3.36951],[39.93951,-3.36401],[39.9375,-3.34729],[39.9541,-3.34338],[39.95508,-3.33917],[39.94891,-3.3349],[39.95428,-3.32611],[39.99591,-3.31201],[39.98328,-3.33148],[39.99268,-3.34991],[39.99048,-3.36218],[39.99652,-3.36371],[39.99213,-3.36731],[39.98248,-3.36499],[39.97131,-3.37329],[39.96912,-3.38458],[39.9743,-3.38611],[40.00629,-3.35828],[40.01349,-3.35938],[40.01392,-3.35388],[40.02448,-3.35211],[40.02472,-3.34711],[40.0531,-3.33301],[40.11951,-3.28668],[40.13129,-3.25421],[40.12549,-3.24512],[40.12769,-3.22021],[40.1167,-3.20178],[40.1203,-3.18402],[40.13348,-3.16162],[40.12988,-3.1629],[40.13129,-3.15613],[40.12469,-3.14697],[40.1369,-3.15668],[40.15991,-3.12878],[40.15869,-3.09558],[40.15308,-3.08289],[40.17212,-3.06311],[40.16852,-3.05328],[40.17212,-3.03888],[40.18073,-3.02991],[40.19452,-3.02509],[40.19531,-3.01398],[40.20471,-3.00238],[40.2215,-2.99811],[40.23212,-2.9895],[40.23749,-2.99292],[40.24109,-2.98401],[40.23669,-2.9751],[40.21832,-2.99127],[40.20032,-2.98871],[40.18451,-2.99249],[40.17792,-3.01001],[40.16687,-3.0174],[40.16412,-3.03131],[40.15869,-3.03339],[40.15448,-3.02753],[40.14691,-3.03638],[40.15149,-3.03961],[40.14471,-3.04431],[40.14288,-3.01599],[40.15149,-3.00751],[40.14728,-3.00952],[40.1521,-2.96399],[40.14948,-2.94031],[40.15729,-2.9375],[40.15948,-2.91449],[40.14771,-2.91803],[40.14789,-2.90918],[40.15552,-2.90338],[40.16193,-2.91229],[40.16949,-2.88867],[40.14807,-2.90051],[40.14429,-2.89178],[40.14771,-2.88678],[40.15253,-2.88977],[40.15491,-2.86713],[40.1571,-2.88037],[40.16229,-2.88037],[40.16827,-2.85559],[40.1709,-2.8526],[40.16992,-2.85889],[40.1759,-2.84473],[40.17432,-2.83881],[40.18372,-2.83008],[40.1817,-2.82629],[40.17853,-2.82867],[40.18091,-2.81677],[40.16791,-2.79248],[40.16333,-2.79999],[40.15527,-2.78967],[40.1601,-2.7854],[40.15808,-2.7774],[40.16669,-2.77808],[40.16589,-2.77039],[40.15948,-2.76849],[40.16351,-2.76709],[40.16229,-2.7569],[40.16711,-2.7666],[40.17389,-2.75702],[40.17212,-2.74158],[40.16992,-2.74622],[40.16467,-2.74347],[40.15668,-2.72913],[40.16528,-2.72968],[40.16248,-2.7157],[40.17328,-2.71722],[40.17568,-2.71367],[39.88972,-2.31006],[39.21737,-3.07293]]],[[[40.16333,-2.94702],[40.16168,-2.927],[40.16949,-2.89728],[40.15973,-2.9281],[40.16333,-2.94702]]],[[[39.96411,-3.35687],[39.96448,-3.35071],[39.96228,-3.35712],[39.94812,-3.3606],[39.95929,-3.36542],[39.96411,-3.35687]]],[[[40.17856,-2.71773],[40.17468,-2.72369],[40.17468,-2.73761],[40.18091,-2.73059],[40.17856,-2.71773]]],[[[39.96771,-3.3476],[39.97668,-3.34949],[39.96973,-3.33801],[39.96771,-3.3476]]],[[[40.16132,-2.96942],[40.16168,-2.95947],[40.1601,-2.95477],[40.15771,-2.96283],[40.16132,-2.96942]]],[[[40.1825,-2.74512],[40.18048,-2.73969],[40.17407,-2.74573],[40.17529,-2.74719],[40.1825,-2.74512]]],[[[40.17029,-2.88123],[40.17133,-2.86749],[40.17072,-2.8667],[40.16711,-2.87183],[40.17029,-2.88123]]],[[[39.97949,-3.36462],[39.9845,-3.35919],[39.98547,-3.35712],[39.97827,-3.35968],[39.97949,-3.36462]]],[[[40.16571,-2.78748],[40.1651,-2.78058],[40.16089,-2.7807],[40.16248,-2.78552],[40.16571,-2.78748]]],[[[40.18408,-2.75378],[40.18732,-2.74878],[40.19171,-2.74268],[40.18927,-2.74292],[40.18408,-2.75378]]],[[[40.17371,-2.79291],[40.17047,-2.78528],[40.16827,-2.78632],[40.17371,-2.79291]]],[[[40.18091,-2.77979],[40.18591,-2.77301],[40.18408,-2.771],[40.18091,-2.77979]]],[[[40.17712,-2.97479],[40.17633,-2.96771],[40.17029,-2.95929],[40.17633,-2.9704],[40.17712,-2.97479]]],[[[40.17389,-2.77649],[40.17712,-2.7724],[40.17633,-2.76947],[40.17389,-2.77112],[40.17389,-2.77649]]],[[[40.16669,-2.97852],[40.17212,-2.97449],[40.1731,-2.97131],[40.16669,-2.97852]]],[[[40.18488,-2.81421],[40.1853,-2.81012],[40.18433,-2.8092],[40.18213,-2.81183],[40.18488,-2.81421]]],[[[40.17572,-2.76361],[40.17987,-2.76172],[40.18109,-2.75873],[40.17572,-2.76361]]],[[[40.16669,-2.73798],[40.17029,-2.73792],[40.16931,-2.73523],[40.16669,-2.73798]]],[[[40.16968,-2.73242],[40.17169,-2.73053],[40.17047,-2.73022],[40.16968,-2.73242]]],[[[40.18549,-2.74481],[40.18768,-2.74182],[40.18707,-2.74078],[40.18549,-2.74481]]],[[[39.98608,-3.34808],[39.98792,-3.34851],[39.9873,-3.3468],[39.98608,-3.34808]]],[[[40.17987,-2.80878],[40.18048,-2.80701],[40.17908,-2.80737],[40.17987,-2.80878]]],[[[39.96808,-3.39331],[39.96753,-3.39178],[39.96649,-3.39203],[39.96808,-3.39331]]]]}},{"type":"Feature","id":4,"properties":{"code":4,"slug":"tana-river","name":"Tana River"},"geometry":{"type":"MultiPolygon","coordinates":[[[[38.43415,-0.07482],[38.82981,-0.76018],[38.95341,-1.03176],[38.9997,-1.67692],[38.98382,-1.69412],[38.95846,-1.70279],[39.01513,-1.91405],[38.79523,-2.33967],[38.78775,-2.34087],[38.78199,-2.35344],[38.77038,-2.35217],[38.75549,-2.36154],[38.73708,-2.36578],[38.7323,-2.37769],[38.71664,-2.38827],[38.71384,-2.39548],[38.68478,-2.4132],[38.6462,-2.41786],[38.62653,-2.41048],[39.07869,-3.04274],[39.07917,-3.05037],[39.08627,-3.05195],[39.08714,-3.04314],[39.10231,-3.03596],[39.11086,-3.02443],[39.12729,-3.01918],[39.13214,-3.04143],[39.14005,-3.0417],[39.14239,-3.04907],[39.15099,-3.04496],[39.1631,-3.06566],[39.16862,-3.06514],[39.17443,-3.05675],[39.18186,-3.0632],[39.19511,-3.0609],[39.20413,-3.06634],[39.2161,-3.06558],[39.21737,-3.07293],[39.88972,-2.31006],[40.17904,-2.71841],[40.19077,-2.70471],[40.18357,-2.69876],[40.1751,-2.70296],[40.18209,-2.68119],[40.20189,-2.6791],[40.20472,-2.69157],[40.19993,-2.69733],[40.20335,-2.70058],[40.19278,-2.71079],[40.19862,-2.71305],[40.19436,-2.71625],[40.19668,-2.72062],[40.18789,-2.72354],[40.19527,-2.72295],[40.19269,-2.7307],[40.19614,-2.73261],[40.23327,-2.67774],[40.26188,-2.6493],[40.25953,-2.64342],[40.26955,-2.63037],[40.29055,-2.6131],[40.34037,-2.58427],[40.32935,-2.59544],[40.29172,-2.61593],[40.28215,-2.62875],[40.27336,-2.62878],[40.26658,-2.64261],[40.32892,-2.59739],[40.40029,-2.56052],[40.4614,-2.53677],[40.51275,-2.52946],[40.5165,-2.52729],[40.49353,-2.51825],[40.46,-2.5347],[40.44433,-2.5319],[40.44427,-2.52397],[40.45529,-2.52163],[40.46288,-2.50276],[40.46935,-2.51074],[40.47371,-2.5093],[40.46589,-2.49847],[40.47479,-2.50249],[40.47854,-2.49634],[40.49049,-2.49549],[40.48972,-2.49094],[40.49379,-2.49383],[40.49302,-2.50161],[40.49978,-2.50473],[40.49927,-2.49442],[40.50936,-2.49676],[40.51567,-2.50525],[40.50824,-2.51649],[40.51086,-2.51947],[40.51905,-2.52008],[40.53215,-2.53212],[40.54775,-2.53391],[40.56973,-2.54805],[40.6063,-2.55755],[40.6438,-2.5328],[40.67975,-2.49098],[40.73062,-2.45602],[40.66366,-2.46789],[40.44067,-2.39752],[40.24951,-2.39807],[40.24951,-2.24878],[40.20455,-2.01527],[40.19685,-2.0008],[40.19688,-1.98053],[40.18599,-1.95979],[40.18941,-1.93628],[40.18752,-1.86291],[40.16302,-1.82338],[40.15771,-1.76375],[40.17075,-1.72387],[40.15823,-1.69733],[40.15991,-1.64457],[40.154,-1.60781],[40.14325,-1.58639],[40.11489,-1.5529],[40.10514,-1.50794],[40.08728,-1.47434],[40.0709,-1.47088],[40.03878,-1.49077],[40.03256,-1.48737],[40.03144,-1.4823],[40.03818,-1.48025],[40.03201,-1.46269],[40.03528,-1.45559],[40.02958,-1.45248],[40.03429,-1.43264],[40.03118,-1.42433],[40.02451,-1.42209],[40.02198,-1.401],[40.00908,-1.37954],[40.01477,-1.37454],[40.00937,-1.36032],[40.00227,-1.36136],[40.00096,-1.34808],[40.01175,-1.32935],[40.00431,-1.32464],[39.99723,-1.29996],[40.00429,-1.29358],[39.99918,-1.28591],[40.00634,-1.2786],[40.00472,-1.26987],[40.01184,-1.26469],[40.00869,-1.25718],[40.00133,-1.25466],[40.00797,-1.2401],[39.99535,-1.23842],[40.0,-1.23362],[39.99564,-1.2268],[40.00042,-1.2152],[39.99106,-1.21275],[39.98925,-1.20247],[39.97985,-1.20238],[39.98103,-1.19316],[39.96287,-1.1676],[39.9558,-1.14454],[39.94491,-1.13877],[39.94376,-1.13112],[39.93239,-1.12909],[39.92594,-1.07772],[39.91859,-1.076],[39.91356,-1.06477],[39.91718,-1.05835],[39.90834,-1.05129],[39.91269,-1.04245],[39.89904,-1.02813],[39.89846,-1.00679],[39.88948,-1.00573],[39.88583,-1.00058],[39.89163,-0.98961],[39.88484,-0.97732],[39.89355,-0.97361],[39.88033,-0.96934],[39.8818,-0.95102],[39.8696,-0.95879],[39.86875,-0.94704],[39.87846,-0.93669],[39.87259,-0.92773],[39.86073,-0.92606],[39.86451,-0.91593],[39.85157,-0.89691],[39.8559,-0.89303],[39.85012,-0.88649],[39.8596,-0.88133],[39.85125,-0.87113],[39.85874,-0.84846],[39.84909,-0.84273],[39.84638,-0.85247],[39.84151,-0.85247],[39.84295,-0.846],[39.83681,-0.83819],[39.84737,-0.83901],[39.84543,-0.81958],[39.83582,-0.81101],[39.84218,-0.80436],[39.8254,-0.80377],[39.83415,-0.79294],[39.82508,-0.7926],[39.82725,-0.78078],[39.81236,-0.77672],[39.80866,-0.77124],[39.8161,-0.76695],[39.80875,-0.75892],[39.81728,-0.75543],[39.81547,-0.74703],[39.82391,-0.74189],[39.80798,-0.73582],[39.80532,-0.727],[39.81141,-0.72827],[39.81245,-0.70582],[39.80505,-0.70465],[39.80771,-0.69468],[39.80252,-0.69813],[39.79797,-0.69122],[39.79556,-0.68123],[39.79985,-0.67103],[39.79045,-0.67187],[39.78901,-0.66043],[39.7795,-0.66177],[39.7817,-0.65206],[39.76855,-0.62929],[39.7766,-0.61313],[39.76512,-0.61082],[39.75599,-0.60103],[39.74944,-0.60505],[39.73978,-0.59595],[39.7387,-0.58758],[39.73087,-0.59359],[39.69693,-0.59155],[39.70016,-0.5821],[39.69323,-0.58575],[39.6927,-0.57851],[39.68561,-0.57443],[39.68641,-0.55164],[39.67595,-0.55733],[39.67235,-0.54737],[39.66327,-0.54893],[39.6614,-0.53781],[39.668,-0.53652],[39.66864,-0.53158],[39.64749,-0.51653],[39.64024,-0.5071],[39.64003,-0.49545],[39.63063,-0.4899],[39.62886,-0.47087],[39.6353,-0.45728],[39.61947,-0.44588],[39.6193,-0.43831],[39.61464,-0.44255],[39.61093,-0.43981],[39.61432,-0.41036],[39.60218,-0.40956],[39.6039,-0.39804],[39.5981,-0.39434],[39.59783,-0.37973],[39.59289,-0.37625],[39.59815,-0.36916],[39.5941,-0.36397],[39.59656,-0.35799],[39.58965,-0.35688],[39.59195,-0.35203],[39.58707,-0.34095],[39.58065,-0.34418],[39.57792,-0.33673],[39.56096,-0.32783],[39.54349,-0.29073],[39.5353,-0.29443],[39.52582,-0.28676],[39.52066,-0.29624],[39.51357,-0.29888],[39.51738,-0.28202],[39.51003,-0.27732],[39.49842,-0.24911],[39.49017,-0.24937],[39.48843,-0.24414],[39.47585,-0.24037],[39.46573,-0.21964],[39.4449,-0.20984],[39.42543,-0.18905],[39.40648,-0.19047],[39.40022,-0.19543],[39.39687,-0.18839],[39.3841,-0.19052],[39.36192,-0.16249],[39.35574,-0.16863],[39.35263,-0.15975],[39.33704,-0.16645],[39.33397,-0.15696],[39.32469,-0.15785],[39.32784,-0.14549],[39.3133,-0.13298],[39.305,-0.13966],[39.29551,-0.13613],[39.28215,-0.14126],[39.27526,-0.13718],[39.25732,-0.14654],[39.25467,-0.13874],[39.24645,-0.14174],[39.22756,-0.13837],[39.22645,-0.12999],[39.21392,-0.13221],[39.20263,-0.14275],[39.18342,-0.13529],[39.17064,-0.1368],[39.16337,-0.12656],[39.13477,-0.13015],[39.1335,-0.11946],[39.12055,-0.12062],[39.12008,-0.11012],[39.10167,-0.09815],[39.0979,-0.08805],[39.07408,-0.06484],[39.06532,-0.04632],[39.03593,-0.05364],[39.02023,-0.0429],[39.00744,-0.05537],[39.00161,-0.05523],[38.99768,-0.04897],[38.98691,-0.05943],[38.97195,-0.059],[38.96696,-0.08227],[38.95476,-0.08596],[38.93983,-0.09895],[38.93105,-0.09812],[38.92007,-0.08582],[38.89952,-0.09553],[38.83481,-0.09359],[38.78651,-0.07871],[38.77185,-0.0694],[38.75209,-0.07169],[38.7146,-0.06004],[38.69093,-0.03974],[38.68324,-0.05374],[38.65793,-0.04507],[38.64949,-0.0519],[38.6397,-0.05214],[38.61276,-0.02875],[38.60275,-0.03302],[38.56938,-0.01719],[38.55487,-0.01548],[38.54279,-0.03084],[38.54134,-0.04217],[38.53095,-0.04205],[38.5318,-0.0539],[38.52074,-0.06239],[38.48999,-0.05877],[38.4822,-0.07474],[38.45872,-0.08479],[38.43822,-0.07024],[38.43415,-0.07482]]]]}},{"type":"Feature","id":5,"properties":{"code":5,"slug":"lamu","name":"Lamu"},"geometry":{"type":"MultiPolygon","coordinates":[[[[40.20794,-2.03289],[40.24951,-2.24878],[40.24951,-2.39807],[40.44067,-2.39752],[40.66366,-2.46789],[40.73071,-2.45599],[40.74469,-2.44928],[40.76727,-2.45007],[40.77612,-2.42572],[40.82233,-2.38922],[40.82312,-2.36963],[40.81567,-2.35541],[40.80151,-2.3512],[40.79468,-2.3399],[40.79608,-2.35089],[40.78693,-2.34601],[40.79053,-2.35999],[40.78528,-2.36243],[40.78632,-2.37091],[40.77728,-2.38239],[40.77087,-2.3819],[40.77228,-2.39447],[40.7677,-2.38971],[40.75909,-2.3952],[40.76831,-2.38672],[40.76849,-2.38031],[40.77771,-2.37451],[40.7691,-2.37567],[40.7663,-2.37018],[40.77588,-2.36969],[40.78113,-2.3606],[40.77271,-2.36072],[40.77148,-2.3515],[40.76367,-2.3504],[40.76569,-2.34259],[40.75873,-2.31732],[40.72693,-2.30359],[40.72607,-2.31122],[40.71051,-2.30591],[40.7041,-2.3089],[40.70349,-2.29388],[40.69092,-2.28888],[40.70428,-2.27869],[40.70612,-2.28339],[40.7157,-2.28558],[40.70569,-2.2699],[40.71289,-2.27032],[40.71448,-2.27631],[40.72052,-2.27802],[40.7251,-2.27148],[40.72992,-2.27582],[40.72571,-2.28552],[40.74829,-2.29401],[40.75812,-2.30719],[40.75549,-2.29572],[40.75391,-2.29871],[40.74872,-2.2876],[40.73767,-2.2821],[40.74329,-2.27039],[40.7561,-2.27539],[40.73871,-2.26721],[40.73431,-2.25623],[40.72449,-2.26672],[40.71948,-2.26117],[40.70471,-2.26117],[40.69952,-2.25299],[40.70587,-2.25842],[40.7157,-2.25732],[40.72211,-2.24609],[40.7251,-2.25018],[40.72589,-2.23993],[40.7135,-2.21838],[40.6955,-2.20471],[40.70569,-2.2027],[40.70453,-2.20728],[40.71948,-2.21692],[40.7243,-2.22693],[40.72632,-2.21942],[40.73071,-2.23718],[40.73792,-2.23682],[40.7439,-2.24487],[40.74573,-2.22711],[40.74872,-2.24597],[40.75787,-2.25262],[40.76288,-2.25238],[40.76868,-2.23853],[40.77472,-2.23749],[40.77069,-2.24048],[40.77112,-2.25018],[40.77771,-2.24469],[40.78088,-2.26038],[40.7995,-2.24518],[40.7951,-2.23889],[40.78967,-2.2392],[40.79529,-2.2323],[40.80011,-2.23242],[40.80133,-2.23749],[40.8197,-2.22803],[40.84131,-2.23108],[40.82788,-2.24329],[40.84967,-2.23328],[40.85529,-2.23407],[40.84949,-2.23969],[40.87653,-2.2326],[40.86108,-2.23199],[40.86749,-2.22339],[40.87653,-2.2262],[40.87408,-2.22241],[40.87848,-2.22131],[40.85968,-2.21167],[40.88232,-2.21283],[40.8783,-2.20312],[40.8689,-2.20099],[40.88068,-2.1958],[40.88232,-2.1864],[40.88892,-2.18951],[40.88672,-2.20288],[40.89148,-2.19891],[40.89673,-2.20239],[40.89929,-2.19818],[40.90308,-2.2121],[40.9259,-2.22101],[40.91931,-2.21008],[40.91528,-2.18298],[40.91827,-2.15833],[40.91052,-2.1275],[40.91229,-2.08942],[40.90411,-2.07727],[40.89569,-2.08337],[40.89789,-2.07019],[40.88928,-2.07037],[40.88312,-2.07642],[40.8761,-2.0741],[40.88489,-2.06763],[40.88428,-2.06189],[40.86853,-2.0766],[40.86853,-2.07098],[40.85052,-2.06982],[40.87329,-2.06421],[40.88049,-2.0542],[40.8941,-2.06122],[40.89032,-2.05017],[40.87488,-2.04419],[40.88391,-2.03772],[40.87732,-2.03259],[40.88751,-2.0321],[40.88751,-2.0368],[40.90009,-2.0462],[40.90308,-2.01062],[40.89252,-2.00861],[40.88953,-2.0141],[40.87927,-2.01691],[40.8667,-2.01129],[40.85913,-2.02051],[40.84808,-2.0152],[40.82867,-2.01758],[40.83289,-2.0105],[40.85852,-2.00928],[40.87207,-2.00049],[40.86353,-1.99219],[40.85327,-1.99139],[40.85553,-1.98743],[40.84332,-1.97882],[40.83447,-1.98108],[40.81372,-1.97467],[40.81873,-1.96863],[40.80109,-1.96301],[40.79449,-1.95532],[40.78967,-1.95648],[40.79211,-1.95251],[40.78528,-1.948],[40.76892,-1.9425],[40.77368,-1.93378],[40.77472,-1.94],[40.78229,-1.94263],[40.78632,-1.93738],[40.78729,-1.9433],[40.80353,-1.94397],[40.80988,-1.95221],[40.81592,-1.94568],[40.81268,-1.953],[40.81848,-1.9527],[40.81409,-1.95508],[40.83228,-1.95428],[40.83173,-1.95837],[40.84229,-1.95959],[40.84473,-1.9552],[40.83612,-1.94012],[40.84088,-1.93048],[40.84027,-1.94019],[40.85107,-1.9458],[40.85571,-1.95782],[40.85229,-1.96741],[40.86407,-1.97119],[40.87347,-1.95032],[40.87408,-1.97101],[40.88013,-1.96991],[40.8739,-1.98242],[40.87872,-1.98853],[40.89447,-1.9884],[40.88647,-1.9917],[40.89227,-1.99249],[40.8963,-1.98938],[40.89508,-1.98419],[40.90271,-1.98279],[40.89771,-1.99048],[40.91553,-1.99158],[40.92108,-2.00751],[40.93671,-2.00861],[40.93408,-2.01929],[40.92651,-2.0188],[40.93127,-2.02478],[40.92651,-2.02191],[40.91949,-2.03021],[40.92529,-2.03088],[40.92291,-2.0332],[40.9433,-2.0517],[40.93689,-2.06171],[40.94568,-2.07629],[40.95349,-2.07452],[40.9491,-2.07001],[40.95209,-2.0639],[40.9585,-2.0705],[40.96228,-2.06421],[40.95789,-2.0545],[40.96069,-2.04181],[40.95709,-2.04163],[40.9563,-2.03027],[40.94952,-2.02667],[40.96149,-2.00403],[40.95929,-1.99408],[40.96289,-2.00031],[40.96252,-1.99188],[40.96973,-1.98352],[40.96552,-1.97418],[40.97192,-1.96039],[40.96472,-1.9585],[40.96149,-1.94281],[40.97369,-1.92853],[40.97968,-1.92767],[40.97491,-1.91998],[40.9837,-1.92682],[40.99188,-1.91882],[40.98468,-1.91541],[40.98029,-1.90417],[40.98608,-1.91119],[40.99353,-1.9115],[40.99011,-1.90869],[41.00128,-1.90332],[40.99652,-1.90112],[41.0033,-1.89447],[41.00311,-1.88599],[41.00769,-1.89569],[41.01111,-1.89038],[41.01947,-1.89209],[41.03729,-1.87579],[41.04053,-1.8656],[41.04529,-1.86578],[41.05109,-1.87549],[41.0481,-1.88959],[41.04413,-1.88818],[41.02753,-1.90082],[41.0249,-1.90851],[41.02112,-1.9046],[41.01251,-1.90759],[41.01349,-1.91919],[41.00848,-1.91718],[41.00708,-1.9234],[41.00391,-1.91913],[40.98828,-1.94531],[40.98309,-1.94641],[40.9939,-1.9588],[40.98993,-1.96008],[40.99231,-1.98383],[40.98767,-1.98279],[40.98352,-1.99359],[40.9903,-2.01001],[40.98273,-2.01617],[40.98932,-2.02179],[40.99231,-2.03571],[41.00568,-2.02808],[41.00928,-2.03021],[41.0069,-2.04028],[41.01147,-2.0473],[41.02051,-2.04132],[41.0213,-2.03528],[41.03113,-2.04059],[41.04272,-2.0213],[41.04169,-2.01587],[41.04968,-2.0119],[41.05292,-2.00421],[41.05768,-2.00439],[41.05988,-2.01349],[41.05951,-2.0022],[41.0639,-2.00153],[41.05969,-1.99823],[41.06348,-1.99438],[41.06091,-1.98688],[41.06689,-1.98718],[41.0661,-1.97882],[41.07031,-1.98138],[41.09253,-1.96619],[41.09613,-1.96881],[41.1131,-1.96008],[41.1189,-1.97198],[41.1225,-1.95941],[41.12628,-1.96558],[41.1283,-1.95947],[41.13452,-1.96112],[41.14911,-1.94788],[41.14789,-1.95331],[41.16431,-1.93817],[41.16248,-1.93079],[41.1723,-1.92822],[41.17212,-1.92218],[41.17749,-1.92548],[41.17908,-1.91748],[41.18329,-1.91919],[41.19672,-1.90839],[41.20172,-1.89789],[41.20929,-1.89801],[41.22552,-1.8869],[41.21973,-1.89459],[41.22449,-1.8963],[41.21851,-1.90979],[41.2359,-1.8999],[41.23529,-1.91089],[41.24048,-1.90692],[41.2381,-1.9184],[41.25153,-1.9079],[41.24811,-1.91278],[41.25189,-1.92712],[41.24268,-1.93292],[41.24329,-1.93817],[41.23633,-1.93781],[41.23633,-1.94373],[41.24152,-1.94379],[41.23608,-1.9494],[41.24847,-1.95172],[41.24652,-1.94611],[41.25269,-1.9436],[41.24969,-1.93707],[41.25568,-1.93909],[41.26233,-1.93201],[41.26471,-1.93848],[41.2677,-1.9342],[41.28009,-1.93842],[41.28247,-1.9538],[41.2749,-1.96271],[41.27728,-1.98169],[41.29468,-1.96808],[41.30328,-1.9541],[41.31091,-1.9541],[41.31152,-1.96082],[41.31348,-1.94989],[41.3233,-1.94318],[41.32349,-1.93433],[41.33929,-1.91339],[41.35107,-1.9104],[41.36108,-1.89087],[41.38989,-1.86499],[41.38507,-1.86859],[41.37708,-1.86481],[41.37708,-1.86029],[41.36591,-1.86377],[41.36627,-1.8598],[41.37769,-1.8548],[41.38391,-1.86353],[41.38751,-1.862],[41.39569,-1.85303],[41.39227,-1.85101],[41.39508,-1.84509],[41.41791,-1.82727],[41.4245,-1.81653],[41.4209,-1.81592],[41.42389,-1.80737],[41.47968,-1.74988],[41.49268,-1.7431],[41.51971,-1.70001],[41.56207,-1.65857],[40.9029,-1.71448],[40.20794,-2.03289]]],[[[41.09729,-2.0564],[41.08392,-2.04883],[41.07672,-2.06122],[41.08209,-2.06519],[41.07611,-2.0766],[41.05933,-2.08282],[41.06812,-2.09729],[41.0575,-2.09802],[41.05267,-2.11871],[41.05811,-2.11902],[41.05328,-2.12988],[41.04547,-2.13342],[41.05688,-2.13458],[41.07709,-2.12732],[41.06787,-2.125],[41.0799,-2.11932],[41.07507,-2.1123],[41.08008,-2.1106],[41.08148,-2.11591],[41.0871,-2.11639],[41.08972,-2.11072],[41.09192,-2.11542],[41.0835,-2.1189],[41.08447,-2.12927],[41.09009,-2.13068],[41.08508,-2.13489],[41.10431,-2.1377],[41.11407,-2.12927],[41.10468,-2.12311],[41.10889,-2.11389],[41.10608,-2.10492],[41.09448,-2.0976],[41.09967,-2.09741],[41.1095,-2.0802],[41.13489,-2.08142],[41.13892,-2.09497],[41.14893,-2.08868],[41.15088,-2.09479],[41.1637,-2.08081],[41.1615,-2.07178],[41.14648,-2.06848],[41.13733,-2.06097],[41.13428,-2.06232],[41.14191,-2.07013],[41.12732,-2.07233],[41.13232,-2.06769],[41.12012,-2.05688],[41.11469,-2.05872],[41.11731,-2.06689],[41.10028,-2.0498],[41.09528,-2.0509],[41.09729,-2.0564]]],[[[40.91528,-2.28943],[40.88867,-2.24469],[40.88031,-2.2475],[40.87128,-2.25708],[40.86908,-2.25232],[40.86548,-2.25739],[40.84271,-2.25787],[40.83429,-2.26703],[40.84528,-2.27771],[40.82349,-2.27509],[40.81787,-2.28259],[40.81689,-2.29797],[40.81348,-2.29761],[40.81427,-2.33148],[40.86871,-2.297],[40.91333,-2.2948],[40.91528,-2.28943]]],[[[40.9881,-2.25848],[40.96887,-2.22009],[40.96509,-2.22467],[40.9729,-2.23291],[40.96887,-2.24341],[40.97351,-2.24829],[40.96033,-2.25623],[40.9549,-2.24933],[40.96368,-2.24042],[40.95569,-2.23029],[40.94647,-2.22968],[40.9491,-2.23651],[40.93628,-2.25238],[40.94208,-2.25659],[40.93909,-2.25983],[40.93152,-2.255],[40.93793,-2.23718],[40.9281,-2.23712],[40.92529,-2.22937],[40.92407,-2.2323],[40.91608,-2.22461],[40.90192,-2.2226],[40.90948,-2.25269],[40.92792,-2.27838],[40.93433,-2.2818],[40.9447,-2.27911],[40.95471,-2.2854],[40.96429,-2.27802],[40.95551,-2.2948],[40.93732,-2.28918],[40.92291,-2.30078],[40.92151,-2.29608],[40.9129,-2.30768],[40.9187,-2.31543],[40.93848,-2.31628],[40.95508,-2.30719],[40.97333,-2.2735],[40.9881,-2.25848]]],[[[41.06073,-2.09149],[41.04327,-2.08423],[41.04388,-2.08783],[41.03009,-2.0918],[41.0199,-2.10132],[41.00653,-2.09692],[41.00549,-2.11627],[40.99451,-2.10822],[40.99609,-2.0993],[40.99048,-2.09888],[40.97388,-2.10449],[40.97028,-2.11432],[40.98328,-2.1178],[40.98468,-2.13202],[40.99628,-2.13892],[41.01288,-2.13818],[41.01672,-2.13373],[41.00848,-2.12592],[41.01929,-2.12549],[41.03528,-2.10919],[41.0517,-2.10773],[41.06073,-2.09149]]],[[[41.2561,-2.02881],[41.30328,-1.97089],[41.3045,-1.96448],[41.27368,-1.99487],[41.24969,-2.02991],[41.2561,-2.02881]]],[[[41.43811,-1.83643],[41.43329,-1.83502],[41.41089,-1.85162],[41.38452,-1.8855],[41.43811,-1.83643]]],[[[41.14008,-2.10419],[41.13452,-2.1004],[41.13672,-2.09021],[41.13129,-2.08661],[41.12732,-2.10663],[41.14252,-2.11359],[41.15411,-2.10852],[41.14771,-2.10077],[41.14008,-2.10419]]],[[[41.16492,-1.96252],[41.16553,-1.95441],[41.16193,-1.95831],[41.15552,-1.95599],[41.15253,-1.96082],[41.14948,-1.95831],[41.14392,-1.96887],[41.17651,-1.96503],[41.17407,-1.9588],[41.16492,-1.96252]]],[[[41.05847,-2.15948],[41.0611,-2.1543],[41.05511,-2.14893],[41.04309,-2.15112],[41.04572,-2.15881],[41.05847,-2.15948]]],[[[41.1629,-1.97742],[41.15228,-1.97467],[41.15009,-1.98077],[41.14227,-1.98358],[41.15253,-1.98529],[41.15448,-1.98053],[41.15668,-1.9856],[41.16211,-1.98431],[41.1629,-1.97742]]],[[[40.98608,-2.14111],[40.97888,-2.14209],[40.97571,-2.15179],[40.9895,-2.14581],[40.98608,-2.14111]]],[[[41.49371,-1.7688],[41.5127,-1.74792],[41.49951,-1.75452],[41.49371,-1.7688]]],[[[41.34351,-1.92542],[41.33807,-1.92261],[41.32471,-1.94373],[41.32568,-1.94373],[41.34351,-1.92542]]],[[[41.20227,-2.00269],[41.20111,-2.00818],[41.21368,-2.01489],[41.2085,-2.00439],[41.20227,-2.00269]]],[[[40.7193,-2.29749],[40.71008,-2.29321],[40.71051,-2.29993],[40.71869,-2.30408],[40.7193,-2.29749]]],[[[41.3493,-1.92041],[41.36151,-1.90881],[41.36151,-1.90582],[41.35748,-1.90558],[41.3493,-1.92041]]],[[[40.97351,-2.05048],[40.97113,-2.04163],[40.96912,-2.04071],[40.96692,-2.0509],[40.97351,-2.05048]]],[[[41.27728,-1.94641],[41.27411,-1.94922],[41.27533,-1.95758],[41.28027,-1.94989],[41.27728,-1.94641]]],[[[40.76813,-2.2627],[40.75409,-2.26111],[40.75568,-2.26758],[40.76813,-2.2627]]],[[[41.18671,-1.98187],[41.18811,-1.97821],[41.1875,-1.96918],[41.18152,-1.97461],[41.18671,-1.98187]]],[[[41.22589,-1.9115],[41.23169,-1.90973],[41.23468,-1.90552],[41.22827,-1.90552],[41.22589,-1.9115]]],[[[40.99072,-2.22369],[40.98248,-2.22351],[40.99213,-2.22852],[40.99072,-2.22369]]],[[[41.02692,-2.13971],[41.02228,-2.13593],[41.01971,-2.14062],[41.02429,-2.1427],[41.02692,-2.13971]]],[[[40.74933,-2.25708],[40.74091,-2.258],[40.74768,-2.26111],[40.74933,-2.25708]]],[[[40.7829,-2.28607],[40.7851,-2.27979],[40.78412,-2.2785],[40.77728,-2.2865],[40.7829,-2.28607]]],[[[41.21008,-1.91382],[41.20587,-1.91461],[41.20612,-1.92023],[41.21149,-1.91852],[41.21008,-1.91382]]],[[[41.39868,-1.85498],[41.39288,-1.85999],[41.39288,-1.86102],[41.4021,-1.85712],[41.39868,-1.85498]]],[[[40.81708,-2.24829],[40.82172,-2.2486],[40.82428,-2.2428],[40.81708,-2.24829]]],[[[41.18048,-1.98718],[41.17529,-1.98541],[41.17493,-1.99011],[41.18048,-1.98718]]],[[[40.78632,-2.27692],[40.79089,-2.2738],[40.7879,-2.27209],[40.78632,-2.27692]]],[[[41.34729,-1.91431],[41.34167,-1.9129],[41.33728,-1.9187],[41.34253,-1.91498],[41.34729,-1.91431]]],[[[41.08252,-2.13068],[41.07867,-2.13379],[41.08289,-2.13458],[41.08252,-2.13068]]],[[[41.10791,-2.05072],[41.1123,-2.05072],[41.11047,-2.04828],[41.10791,-2.05072]]],[[[40.81628,-2.23608],[40.81189,-2.23383],[40.80933,-2.23688],[40.81628,-2.23608]]],[[[41.25409,-1.96161],[41.24988,-1.95709],[41.24707,-1.95892],[41.25409,-1.96161]]],[[[41.37347,-1.89337],[41.37769,-1.88831],[41.38031,-1.88629],[41.37689,-1.88568],[41.37347,-1.89337]]],[[[41.18512,-1.95203],[41.18652,-1.94537],[41.1853,-1.9436],[41.1817,-1.94781],[41.18512,-1.95203]]],[[[41.21271,-1.909],[41.20691,-1.90649],[41.20868,-1.91193],[41.21271,-1.909]]],[[[41.26233,-1.94598],[41.26727,-1.94708],[41.26727,-1.94568],[41.26233,-1.94598]]],[[[41.5069,-1.74268],[41.51093,-1.74542],[41.50787,-1.74139],[41.5069,-1.74268]]],[[[41.2215,-1.91553],[41.22491,-1.91541],[41.22467,-1.91357],[41.2215,-1.91553]]],[[[40.99249,-2.09473],[40.99652,-2.0957],[40.9953,-2.0921],[40.99249,-2.09473]]],[[[41.20587,-1.92908],[41.20972,-1.92761],[41.20947,-1.92609],[41.20587,-1.92908]]],[[[41.23969,-1.9234],[41.24329,-1.92041],[41.24329,-1.91937],[41.23993,-1.91998],[41.23969,-1.9234]]],[[[41.2439,-1.95831],[41.23749,-1.95801],[41.24432,-1.95923],[41.2439,-1.95831]]],[[[41.10327,-2.05048],[41.10571,-2.04871],[41.10309,-2.04761],[41.10327,-2.05048]]],[[[41.45148,-1.81818],[41.45532,-1.81409],[41.45532,-1.81061],[41.45148,-1.81818]]],[[[41.21173,-1.92493],[41.2113,-1.92078],[41.20929,-1.92358],[41.21173,-1.92493]]],[[[41.23187,-1.9281],[41.2337,-1.9267],[41.23108,-1.92352],[41.23187,-1.9281]]],[[[40.81348,-2.24109],[40.81409,-2.24298],[40.81653,-2.24078],[40.81348,-2.24109]]],[[[41.43628,-1.82178],[41.43909,-1.81909],[41.43872,-1.81848],[41.43628,-1.82178]]],[[[40.9295,-2.22888],[40.93268,-2.22858],[40.9303,-2.22748],[40.9295,-2.22888]]],[[[40.75751,-2.27539],[40.76031,-2.27539],[40.75787,-2.2738],[40.75751,-2.27539]]],[[[41.2439,-1.95709],[41.23993,-1.95508],[41.23969,-1.95563],[41.2439,-1.95709]]],[[[41.47351,-1.80298],[41.47632,-1.80212],[41.47632,-1.79962],[41.47351,-1.80298]]],[[[41.23492,-1.95587],[41.23749,-1.9538],[41.23492,-1.95398],[41.23492,-1.95587]]],[[[40.94031,-2.22668],[40.9411,-2.22498],[40.94012,-2.22461],[40.94031,-2.22668]]],[[[40.99908,-2.09009],[40.99689,-2.09149],[40.99951,-2.09161],[40.99908,-2.09009]]],[[[41.43909,-1.83362],[41.4411,-1.83258],[41.44067,-1.83191],[41.43909,-1.83362]]],[[[40.7243,-2.2561],[40.7243,-2.25378],[40.72308,-2.25403],[40.7243,-2.2561]]],[[[41.36432,-1.9054],[41.36652,-1.90491],[41.36713,-1.90417],[41.36432,-1.9054]]],[[[41.48328,-1.7851],[41.48468,-1.78308],[41.48413,-1.78278],[41.48328,-1.7851]]],[[[40.97632,-2.16071],[40.97809,-2.1601],[40.97693,-2.15948],[40.97632,-2.16071]]],[[[41.4845,-1.78162],[41.48529,-1.78021],[41.48431,-1.78027],[41.4845,-1.78162]]],[[[41.44928,-1.82281],[41.45068,-1.82172],[41.45032,-1.82098],[41.44928,-1.82281]]],[[[41.3681,-1.90631],[41.36969,-1.90601],[41.36932,-1.90558],[41.3681,-1.90631]]]]}},{"type":"Feature","id":6,"properties":{"code":6,"slug":"taita-taveta","name":"Taita Taveta"},"geometry":{"type":"MultiPolygon","coordinates":[[[[39.07511,-3.04114],[39.06025,-3.04056],[39.04425,-3.03077],[39.04327,-3.02098],[39.03434,-3.02424],[39.02449,-3.0205],[38.99139,-3.02628],[38.98061,-3.0393],[38.97294,-3.04056],[38.9367,-3.03459],[38.93149,-3.04042],[38.91476,-3.04476],[38.89356,-3.03852],[38.86346,-3.05753],[38.84735,-3.06095],[38.84182,-3.05332],[38.83491,-3.06006],[38.80672,-3.06865],[38.79782,-3.06143],[38.80152,-3.05756],[38.8078,-3.05927],[38.80934,-3.05309],[38.78024,-3.0488],[38.77452,-3.04402],[38.73579,-3.04322],[38.70743,-3.032],[38.66542,-3.03953],[38.66151,-3.02885],[38.64285,-3.01215],[38.60959,-3.00664],[38.60862,-2.99462],[38.59422,-2.99855],[38.58405,-2.98717],[38.56297,-2.98642],[38.53897,-2.97374],[38.51908,-2.97483],[38.51318,-2.98317],[38.4926,-2.98346],[38.48783,-2.97756],[38.45883,-2.99105],[38.44871,-2.97214],[38.42934,-2.95571],[38.40856,-2.9283],[38.39626,-2.92751],[38.38158,-2.9182],[38.35123,-2.88692],[38.3199,-2.83315],[38.27061,-2.77002],[38.16715,-2.69441],[38.16154,-2.67987],[38.15104,-2.69922],[38.12765,-2.69896],[38.10886,-2.71651],[37.97371,-2.78859],[37.9394,-2.77698],[37.91831,-2.86848],[37.89512,-2.88588],[37.87077,-3.07744],[37.85415,-3.07854],[37.85286,-3.17816],[37.83305,-3.18552],[37.82218,-3.17363],[37.80428,-3.1658],[37.79353,-3.1723],[37.69059,-3.17889],[37.7112,-3.30797],[37.68445,-3.31998],[37.68445,-3.34627],[37.67954,-3.35266],[37.66135,-3.355],[37.58476,-3.4384],[37.58476,-3.45976],[37.59743,-3.45583],[37.60911,-3.4601],[37.61869,-3.45741],[37.62247,-3.46274],[37.61271,-3.49769],[37.60182,-3.50954],[37.60454,-3.51825],[37.66936,-3.50613],[37.68432,-3.51061],[37.69647,-3.52589],[37.72039,-3.52879],[37.72763,-3.53719],[37.74406,-3.54258],[37.76075,-3.61719],[37.78376,-3.67339],[38.44651,-4.13721],[38.94527,-3.95891],[39.03683,-3.75974],[38.92751,-3.69546],[38.96508,-3.63179],[39.06127,-3.68927],[39.21737,-3.07293],[39.2161,-3.06558],[39.20413,-3.06634],[39.19511,-3.0609],[39.18186,-3.0632],[39.17443,-3.05675],[39.16862,-3.06514],[39.1631,-3.06566],[39.15099,-3.04496],[39.14239,-3.04907],[39.14005,-3.0417],[39.13214,-3.04143],[39.12729,-3.01918],[39.11086,-3.02443],[39.10231,-3.03596],[39.08714,-3.04314],[39.08583,-3.0522],[39.07917,-3.05037],[39.07511,-3.04114]]]]}},{"type":"Feature","id":7,"properties":{"code":7,"slug":"garissa","name":"Garissa"},"geometry":{"type":"MultiPolygon","coordinates":[[[[39.46069,0.99468],[39.35825,0.95344],[39.31156,0.92402],[39.23568,0.84423],[39.22382,0.81868],[39.20142,0.79301],[39.17924,0.75116],[39.17518,0.72093],[39.14761,0.70632],[39.14095,0.69043],[39.10099,0.68906],[39.09687,0.68002],[39.08507,0.67514],[39.05346,0.68585],[39.03337,0.66484],[39.02586,0.66384],[39.02334,0.64531],[39.01302,0.63971],[39.00967,0.62443],[38.98599,0.62609],[38.97747,0.62131],[38.93983,0.62845],[38.9258,0.60599],[38.91052,0.59896],[38.87551,0.59436],[38.87092,0.60001],[38.85942,0.59919],[38.82499,0.5796],[38.80748,0.55139],[38.76634,0.511],[38.75568,0.51492],[38.75132,0.5231],[38.73596,0.51808],[38.72438,0.52447],[38.72075,0.52059],[38.72237,0.51098],[38.70962,0.51274],[38.70495,0.50635],[38.6944,0.5101],[38.6617,0.50906],[38.67641,0.49462],[38.75648,0.1867],[38.75604,0.17167],[38.7358,0.14759],[38.73141,0.12136],[38.72937,0.06822],[38.73912,0.00618],[38.75198,-0.02432],[38.7534,-0.04718],[38.76669,-0.05504],[38.76141,-0.06361],[38.78651,-0.07871],[38.82883,-0.09219],[38.89952,-0.09553],[38.92007,-0.08582],[38.93105,-0.09812],[38.93983,-0.09895],[38.95476,-0.08596],[38.96696,-0.08227],[38.97195,-0.059],[38.98691,-0.05943],[38.99768,-0.04897],[39.00161,-0.05523],[39.00744,-0.05537],[39.02023,-0.0429],[39.03593,-0.05364],[39.06532,-0.04632],[39.07408,-0.06484],[39.0979,-0.08805],[39.10167,-0.09815],[39.12008,-0.11012],[39.12055,-0.12062],[39.1335,-0.11946],[39.13567,-0.13046],[39.16337,-0.12656],[39.17064,-0.1368],[39.18342,-0.13529],[39.20263,-0.14275],[39.21392,-0.13221],[39.22645,-0.12999],[39.22756,-0.13837],[39.24645,-0.14174],[39.25467,-0.13874],[39.25732,-0.14654],[39.27526,-0.13718],[39.28215,-0.14126],[39.29551,-0.13613],[39.305,-0.13966],[39.3133,-0.13298],[39.32784,-0.14549],[39.32469,-0.15785],[39.33397,-0.15696],[39.33914,-0.1671],[39.35263,-0.15975],[39.3544,-0.16853],[39.36242,-0.1627],[39.3841,-0.19052],[39.39687,-0.18839],[39.40022,-0.19543],[39.40648,-0.19047],[39.4273,-0.18976],[39.4449,-0.20984],[39.46734,-0.22113],[39.47708,-0.24147],[39.48843,-0.24414],[39.49017,-0.24937],[39.4979,-0.24833],[39.51003,-0.27732],[39.51738,-0.28202],[39.5126,-0.29817],[39.52066,-0.29624],[39.52582,-0.28676],[39.5353,-0.29443],[39.54271,-0.29021],[39.56173,-0.32874],[39.57792,-0.33673],[39.58065,-0.34418],[39.58752,-0.34141],[39.58965,-0.35688],[39.59685,-0.35873],[39.5941,-0.36397],[39.59815,-0.36916],[39.59289,-0.37625],[39.59783,-0.37973],[39.5981,-0.39434],[39.6039,-0.39804],[39.60218,-0.40956],[39.6142,-0.40977],[39.61093,-0.43981],[39.61464,-0.44255],[39.6193,-0.43831],[39.61947,-0.44588],[39.6353,-0.45728],[39.62886,-0.47087],[39.63063,-0.4899],[39.64003,-0.49545],[39.64024,-0.5071],[39.64749,-0.51653],[39.66864,-0.53158],[39.668,-0.53652],[39.6614,-0.53781],[39.66327,-0.54893],[39.67235,-0.54737],[39.67595,-0.55733],[39.68641,-0.55164],[39.68561,-0.57443],[39.6927,-0.57851],[39.69323,-0.58575],[39.70016,-0.5821],[39.69693,-0.59155],[39.73087,-0.59359],[39.7387,-0.58758],[39.73978,-0.59595],[39.74944,-0.60505],[39.75599,-0.60103],[39.76512,-0.61082],[39.77612,-0.61265],[39.76855,-0.62929],[39.7817,-0.65206],[39.7795,-0.66177],[39.78901,-0.66043],[39.79045,-0.67187],[39.79985,-0.67103],[39.79556,-0.68123],[39.79797,-0.69122],[39.80252,-0.69813],[39.80771,-0.69468],[39.80505,-0.70465],[39.81245,-0.70582],[39.81141,-0.72827],[39.80532,-0.727],[39.80798,-0.73582],[39.824,-0.74252],[39.81574,-0.74649],[39.81728,-0.75543],[39.80875,-0.75892],[39.8161,-0.76695],[39.80866,-0.77124],[39.81236,-0.77672],[39.82725,-0.78078],[39.82508,-0.7926],[39.83415,-0.79294],[39.8254,-0.80377],[39.84218,-0.80436],[39.83582,-0.81101],[39.84543,-0.81958],[39.84737,-0.83901],[39.83681,-0.83819],[39.84295,-0.846],[39.84151,-0.85247],[39.84638,-0.85247],[39.84909,-0.84273],[39.85897,-0.84923],[39.85125,-0.87113],[39.85946,-0.88203],[39.8499,-0.88785],[39.85581,-0.8924],[39.85175,-0.8975],[39.86451,-0.91593],[39.86073,-0.92606],[39.87259,-0.92773],[39.87846,-0.93669],[39.86893,-0.9466],[39.86938,-0.95826],[39.8818,-0.95102],[39.88033,-0.96934],[39.89355,-0.97361],[39.88484,-0.97732],[39.89163,-0.98961],[39.88583,-1.00058],[39.88948,-1.00573],[39.89846,-1.00679],[39.89904,-1.02813],[39.91269,-1.04245],[39.90834,-1.05129],[39.91718,-1.05835],[39.91356,-1.06477],[39.91859,-1.076],[39.92594,-1.07772],[39.93239,-1.12909],[39.94376,-1.13112],[39.94491,-1.13877],[39.9558,-1.14454],[39.96287,-1.1676],[39.98103,-1.19316],[39.97985,-1.20238],[39.98925,-1.20247],[39.99106,-1.21275],[40.00042,-1.2152],[39.99564,-1.2268],[40.0,-1.23362],[39.99535,-1.23842],[40.00797,-1.2401],[40.00133,-1.25466],[40.00869,-1.25718],[40.01184,-1.26469],[40.00472,-1.26987],[40.00634,-1.2786],[39.99918,-1.28591],[40.00429,-1.29358],[39.99723,-1.29996],[40.00431,-1.32464],[40.01175,-1.32935],[40.00096,-1.34808],[40.00227,-1.36136],[40.00937,-1.36032],[40.01477,-1.37454],[40.00908,-1.37954],[40.02198,-1.401],[40.02451,-1.42209],[40.03118,-1.42433],[40.03429,-1.43264],[40.02958,-1.45248],[40.03528,-1.45559],[40.03201,-1.46269],[40.03818,-1.48025],[40.03144,-1.4823],[40.03256,-1.48737],[40.03878,-1.49077],[40.0709,-1.47088],[40.08728,-1.47434],[40.10514,-1.50794],[40.11489,-1.5529],[40.14325,-1.58639],[40.154,-1.60781],[40.15991,-1.64457],[40.15823,-1.69733],[40.17075,-1.72387],[40.15771,-1.76375],[40.16302,-1.82338],[40.18752,-1.86291],[40.18941,-1.93628],[40.18599,-1.95979],[40.19688,-1.98053],[40.19685,-2.0008],[40.20794,-2.03289],[40.9029,-1.71448],[41.56198,-1.65865],[41.56224,-1.5975],[40.9924,-0.82909],[40.99178,0.46442],[40.97735,0.45288],[40.91853,0.42389],[40.88599,0.3924],[40.86264,0.37893],[40.77314,0.35405],[40.7519,0.34359],[40.73517,0.32556],[40.71574,0.32009],[40.6945,0.2781],[40.68355,0.27112],[40.68179,0.25844],[40.64768,0.23211],[40.61214,0.23276],[40.6045,0.22544],[40.59501,0.22562],[40.58616,0.2154],[40.56505,0.21582],[40.53318,0.22629],[40.51398,0.20819],[40.50727,0.19281],[40.49496,0.19787],[40.47388,0.18648],[40.4261,0.1903],[40.40221,0.18387],[40.37511,0.19684],[40.33131,0.19941],[40.23345,0.25256],[40.16091,0.32591],[40.12823,0.34261],[40.05962,0.3926],[40.01296,0.39894],[39.97908,0.40971],[39.94392,0.42971],[39.90498,0.46208],[39.87473,0.45834],[39.85025,0.47711],[39.79968,0.4828],[39.77496,0.49525],[39.76215,0.51216],[39.73286,0.52594],[39.72402,0.544],[39.68941,0.57981],[39.66502,0.61452],[39.64621,0.65787],[39.61447,0.68462],[39.56354,0.7572],[39.5322,0.85728],[39.49794,0.93391],[39.49249,0.96216],[39.47963,0.9802],[39.46069,0.99468]]]]}},{"type":"Feature","id":8,"properties":{"code":8,"slug":"wajir","name":"Wajir"},"geometry":{"type":"MultiPolygon","coordinates":[[[[38.95419,2.10622],[38.98531,2.06964],[38.98426,2.05334],[38.99295,2.0402],[38.98956,2.02782],[38.99419,2.00958],[39.01971,1.97742],[39.03505,1.9671],[39.06848,1.9146],[39.09511,1.88997],[39.10201,1.88997],[39.13109,1.8662],[39.14473,1.84191],[39.14399,1.83044],[39.17012,1.79115],[39.18035,1.75338],[39.21385,1.69736],[39.23049,1.69474],[39.2659,1.67357],[39.27524,1.67347],[39.3005,1.65469],[39.30831,1.65453],[39.31345,1.64325],[39.31903,1.64428],[39.32616,1.63507],[39.34531,1.62597],[39.37344,1.58527],[39.38604,1.57445],[39.38742,1.5658],[39.39477,1.56524],[39.39997,1.55298],[39.41587,1.55042],[39.43851,1.52949],[39.44717,1.52721],[39.27426,1.4678],[39.46069,0.99468],[39.47963,0.9802],[39.49249,0.96216],[39.49794,0.93391],[39.5322,0.85728],[39.56354,0.7572],[39.61447,0.68462],[39.64621,0.65787],[39.66502,0.61452],[39.68941,0.57981],[39.72402,0.544],[39.73286,0.52594],[39.76215,0.51216],[39.77496,0.49525],[39.79968,0.4828],[39.85025,0.47711],[39.87473,0.45834],[39.90498,0.46208],[39.94392,0.42971],[39.97908,0.40971],[40.01296,0.39894],[40.05962,0.3926],[40.12823,0.34261],[40.16091,0.32591],[40.21635,0.26682],[40.24174,0.24699],[40.30313,0.21798],[40.33131,0.19941],[40.37511,0.19684],[40.40322,0.18378],[40.4261,0.1903],[40.47523,0.18667],[40.4957,0.19796],[40.50657,0.19243],[40.5245,0.22147],[40.5349,0.22673],[40.56404,0.21603],[40.58616,0.2154],[40.59501,0.22562],[40.6045,0.22544],[40.61214,0.23276],[40.64768,0.23211],[40.68179,0.25844],[40.68355,0.27112],[40.6945,0.2781],[40.71574,0.32009],[40.73517,0.32556],[40.7519,0.34359],[40.77314,0.35405],[40.86264,0.37893],[40.88599,0.3924],[40.91853,0.42389],[40.97735,0.45288],[40.99178,0.46442],[40.99195,2.17919],[40.94557,2.17709],[40.91567,2.19147],[40.87628,2.22462],[40.84245,2.26387],[40.83873,2.27473],[40.8133,2.27787],[40.77975,2.3048],[40.75625,2.31452],[40.73262,2.31782],[40.7198,2.32801],[40.71011,2.34867],[40.67731,2.37524],[40.67616,2.38391],[40.6656,2.39633],[40.6676,2.40613],[40.66103,2.42908],[40.63364,2.44205],[40.6073,2.47641],[40.60358,2.49243],[40.59198,2.5013],[40.59739,2.51227],[40.58168,2.52777],[40.58136,2.54984],[40.55936,2.57856],[40.56237,2.58636],[40.55392,2.59327],[40.54634,2.63191],[40.528,2.66424],[40.52118,2.69584],[40.50266,2.71649],[40.50134,2.72362],[40.52131,2.74111],[40.52221,2.7756],[40.50498,2.78432],[40.50489,2.79466],[40.49332,2.79963],[40.50444,2.81142],[40.49445,2.81801],[40.49849,2.83358],[40.49388,2.83786],[40.49649,2.85143],[40.49295,2.8681],[40.26974,2.97062],[40.04419,3.22425],[39.78684,3.33346],[39.77526,3.6681],[39.60941,3.50109],[39.55299,3.4661],[39.54029,3.47275],[39.52534,3.46662],[39.5015,3.47008],[39.49986,3.46489],[39.4932,3.46749],[39.48579,3.46004],[39.47347,3.46179],[39.45747,3.45587],[39.44563,3.46072],[39.44243,3.45616],[39.43661,3.46063],[39.43128,3.45762],[39.42896,3.46625],[39.4179,3.46063],[39.41344,3.46674],[39.40345,3.46324],[39.37629,3.46819],[39.33595,3.46625],[39.31812,3.47197],[39.30453,3.45582],[39.29972,3.44214],[39.30173,3.42658],[39.31352,3.40677],[39.32818,3.28866],[39.33831,3.27737],[39.34174,3.25536],[39.34676,3.07008],[39.28933,3.0353],[39.24942,2.99587],[39.2481,2.98906],[39.20217,2.95691],[39.14741,2.95283],[39.13752,2.9386],[39.12356,2.93132],[39.11182,2.88335],[39.06507,2.88231],[39.06599,2.73758],[39.05247,2.72648],[39.04827,2.70415],[39.03593,2.68986],[39.04342,2.67602],[38.9767,2.56691],[38.88861,2.54265],[38.90231,2.47831],[38.92798,2.41277],[38.93474,2.37276],[38.93143,2.34577],[38.93615,2.31585],[38.92609,2.28411],[38.93833,2.21482],[38.93584,2.1612],[38.95419,2.10622]]]]}},{"type":"Feature","id":9,"properties":{"code":9,"slug":"mandera","name":"Mandera"},"geometry":{"type":"MultiPolygon","coordinates":[[[[40.99195,2.17919],[40.99252,2.82475],[41.32827,3.15373],[41.90626,3.97638],[41.89849,3.98113],[41.88389,3.97266],[41.88197,3.9662],[41.87226,3.96251],[41.8685,3.96682],[41.86576,3.95978],[41.85476,3.96065],[41.85046,3.94774],[41.83619,3.95404],[41.83534,3.94507],[41.82855,3.95273],[41.82543,3.94804],[41.82046,3.95058],[41.8209,3.95867],[41.79887,3.95882],[41.79471,3.96979],[41.79951,3.97224],[41.79401,3.97449],[41.79393,3.98313],[41.78748,3.97827],[41.78061,3.98308],[41.77423,3.97438],[41.75531,3.97459],[41.75395,3.98492],[41.73939,3.98835],[41.73372,3.98455],[41.73442,3.99417],[41.73013,3.99334],[41.73066,3.98691],[41.72139,3.98901],[41.7191,3.99537],[41.71269,3.98661],[41.69226,3.98136],[41.68766,3.97234],[41.6822,3.97771],[41.67643,3.96009],[41.67065,3.9688],[41.65529,3.96671],[41.6428,3.97962],[41.63585,3.97776],[41.6358,3.98654],[41.63186,3.97958],[41.62628,3.98435],[41.61736,3.97482],[41.57971,3.97381],[41.56628,3.9693],[41.54972,3.98563],[41.52669,3.97411],[41.52173,3.96092],[41.51274,3.95523],[41.50566,3.95699],[41.50755,3.96294],[41.50107,3.96971],[41.49582,3.96312],[41.48447,3.96342],[41.48125,3.95543],[41.46329,3.96048],[41.44918,3.95625],[41.43974,3.95865],[41.43858,3.95076],[41.41941,3.95005],[41.39519,3.96583],[41.38848,3.96007],[41.38165,3.96126],[41.37923,3.95312],[41.35668,3.9617],[41.35253,3.95111],[41.32763,3.94196],[41.3171,3.94796],[41.31785,3.94464],[41.30619,3.94677],[41.29737,3.95585],[41.29396,3.9544],[41.2958,3.94795],[41.28098,3.94795],[41.28033,3.955],[41.27726,3.95075],[41.2617,3.95608],[41.25519,3.95239],[41.24815,3.95553],[41.24447,3.95029],[41.23947,3.96041],[41.23061,3.95083],[41.21522,3.9534],[41.21598,3.94934],[41.20718,3.94544],[41.20691,3.93573],[41.17879,3.94495],[41.17231,3.94304],[41.15496,3.95809],[41.13063,3.96715],[41.13615,3.97226],[41.12426,3.97461],[41.12623,3.97918],[41.11535,3.98879],[41.10466,3.98795],[41.09973,4.00145],[41.10539,4.00775],[41.08455,4.01751],[41.08252,4.02463],[41.07197,4.02692],[41.06586,4.04467],[41.04933,4.05995],[41.04237,4.07486],[41.03098,4.07494],[41.02884,4.0816],[41.01996,4.08365],[40.99956,4.11226],[40.98188,4.11384],[40.97564,4.12762],[40.95564,4.14406],[40.90629,4.15762],[40.89959,4.18379],[40.887,4.19332],[40.8856,4.21442],[40.86791,4.2284],[40.85535,4.22914],[40.84797,4.24904],[40.8371,4.2523],[40.83504,4.24845],[40.79196,4.2689],[40.78223,4.28276],[40.76178,4.28305],[40.74593,4.2641],[40.72732,4.25204],[40.70118,4.24889],[40.69837,4.24278],[40.40167,4.12273],[40.39499,4.11387],[40.38743,4.11596],[40.20596,4.04222],[40.19596,4.04757],[40.19006,4.0454],[40.18362,4.03229],[40.1562,4.01366],[40.12072,4.00001],[39.86773,3.8675],[39.77526,3.6681],[39.78684,3.33346],[40.04419,3.22425],[40.26974,2.97062],[40.49295,2.8681],[40.49649,2.85143],[40.49388,2.83786],[40.49849,2.83358],[40.49445,2.81801],[40.50444,2.81142],[40.49332,2.79963],[40.50489,2.79466],[40.50498,2.78432],[40.52221,2.7756],[40.52131,2.74111],[40.50134,2.72362],[40.50266,2.71649],[40.52118,2.69584],[40.528,2.66424],[40.54634,2.63191],[40.55392,2.59327],[40.56237,2.58636],[40.55936,2.57856],[40.58136,2.54984],[40.58168,2.52777],[40.59739,2.51227],[40.59198,2.5013],[40.60358,2.49243],[40.6073,2.47641],[40.63364,2.44205],[40.66103,2.42908],[40.6676,2.40613],[40.6656,2.39633],[40.67616,2.38391],[40.67731,2.37524],[40.71011,2.34867],[40.7198,2.32801],[40.73262,2.31782],[40.75625,2.31452],[40.77975,2.3048],[40.8133,2.27787],[40.83873,2.27473],[40.84245,2.26387],[40.87628,2.22462],[40.91567,2.19147],[40.94557,2.17709],[40.99195,2.17919]]]]}},{"type":"Feature","id":10,"properties":{"code":10,"slug":"marsabit","name":"Marsabit"},"geometry":{"type":"MultiPolygon","coordinates":[[[[36.59072,2.4141],[36.60889,2.39656],[36.619,2.39981],[36.62212,2.41547],[36.63027,2.4129],[36.63394,2.40533],[36.63922,2.41098],[36.63791,2.39183],[36.6435,2.41828],[36.64689,2.41342],[36.65625,2.41983],[36.67112,2.44546],[36.68435,2.45793],[36.6986,2.45512],[36.69747,2.46622],[36.70337,2.47904],[36.69972,2.51237],[36.71409,2.50851],[36.7567,2.51606],[36.84352,2.27476],[36.86579,2.25385],[36.89694,2.19173],[36.90303,2.15667],[36.91529,2.12565],[36.91275,2.10003],[36.91999,2.09953],[36.92102,2.0583],[36.91576,2.01802],[36.92437,2.01671],[36.95001,2.02511],[37.00716,1.9851],[37.09668,1.98325],[37.17953,1.95918],[37.19086,1.93042],[37.2321,1.90022],[37.24448,1.88268],[37.26598,1.87876],[37.30611,1.76545],[37.35055,1.74214],[37.44299,1.58737],[37.4692,1.55429],[37.5578,1.39621],[37.57711,1.37992],[37.58214,1.37084],[37.57943,1.36528],[37.58745,1.36824],[37.59805,1.39155],[37.60669,1.37615],[37.62146,1.37694],[37.6226,1.38369],[37.62974,1.38373],[37.65292,1.40088],[37.65731,1.39525],[37.67393,1.40313],[37.68364,1.39896],[37.70999,1.40723],[37.73673,1.4074],[37.7476,1.41334],[37.76842,1.41396],[37.77295,1.40973],[37.78209,1.41963],[37.79358,1.41413],[37.81698,1.42292],[37.82587,1.42084],[37.84266,1.4258],[37.85212,1.45906],[37.95062,1.38696],[37.94529,1.26288],[38.33966,1.57742],[38.38317,1.76128],[38.96255,2.09739],[38.95419,2.10622],[38.93584,2.1612],[38.93833,2.21482],[38.92609,2.28411],[38.93615,2.31585],[38.93143,2.34577],[38.93474,2.37276],[38.92798,2.41277],[38.90231,2.47831],[38.88861,2.54265],[38.9767,2.56691],[39.04342,2.67602],[39.03593,2.68986],[39.04827,2.70415],[39.05247,2.72648],[39.06599,2.73758],[39.06507,2.88231],[39.11182,2.88335],[39.12356,2.93132],[39.13752,2.9386],[39.14741,2.95283],[39.20217,2.95691],[39.2481,2.98906],[39.24942,2.99587],[39.28933,3.0353],[39.34676,3.07008],[39.34174,3.25536],[39.33831,3.27737],[39.32818,3.28866],[39.31352,3.40677],[39.30173,3.42658],[39.29975,3.44071],[39.30453,3.45582],[39.31812,3.47197],[39.29211,3.48037],[39.26806,3.47246],[39.22723,3.48313],[39.19309,3.48002],[39.19027,3.4941],[39.17974,3.49057],[39.15226,3.50213],[39.15275,3.51125],[39.13179,3.51276],[39.10623,3.52424],[39.08836,3.54129],[39.07956,3.54154],[39.07906,3.53302],[39.05573,3.52305],[39.03799,3.53006],[39.02271,3.52547],[39.01998,3.51403],[39.00451,3.52648],[39.00008,3.52111],[38.98034,3.51718],[38.96709,3.52387],[38.95809,3.519],[38.95858,3.50891],[38.90434,3.50587],[38.71378,3.56558],[38.68787,3.61738],[38.68228,3.62018],[38.67219,3.61544],[38.67632,3.60425],[38.66538,3.58722],[38.61134,3.60757],[38.59923,3.59992],[38.57609,3.60113],[38.55714,3.61503],[38.54679,3.63958],[38.53428,3.64919],[38.51571,3.64462],[38.52209,3.63538],[38.52234,3.62222],[38.44759,3.59758],[38.18107,3.61578],[38.13534,3.60626],[38.12815,3.60076],[37.98958,3.72918],[37.91837,3.76855],[37.76654,3.86952],[37.42342,4.11305],[37.42033,4.11125],[37.13802,4.29544],[37.13198,4.29377],[37.11361,4.30726],[37.09049,4.34309],[37.07777,4.34887],[37.06493,4.3472],[37.04772,4.37623],[37.04348,4.37495],[37.03218,4.38574],[37.02046,4.37191],[37.00906,4.38047],[37.00431,4.37809],[36.98516,4.39563],[36.95832,4.3982],[36.95858,4.40359],[36.90834,4.42512],[36.8783,4.43185],[36.84259,4.44996],[36.67896,4.44135],[36.66033,4.44187],[36.64326,4.45362],[36.62521,4.4541],[36.54588,4.4446],[36.26267,4.45086],[36.24585,4.45754],[36.23184,4.45124],[36.05061,4.45622],[36.05209,3.24057],[36.07495,3.22726],[36.1133,3.22135],[36.1317,3.21112],[36.14341,3.21014],[36.14766,3.22404],[36.15355,3.21691],[36.15258,3.18988],[36.1408,3.15375],[36.15242,3.13159],[36.15323,3.08584],[36.14882,3.07576],[36.1413,3.07298],[36.14132,3.03701],[36.13691,3.01463],[36.12764,3.00278],[36.12399,2.97952],[36.12933,2.98077],[36.12904,2.97397],[36.13673,2.97917],[36.13364,2.96698],[36.19133,2.96834],[36.22221,2.95487],[36.22416,2.95857],[36.23379,2.95691],[36.24658,2.94912],[36.25359,2.95445],[36.2537,2.96516],[36.26896,2.9078],[36.28164,2.89121],[36.29832,2.88705],[36.34457,2.86279],[36.35877,2.86077],[36.3789,2.83832],[36.39454,2.79974],[36.41754,2.76199],[36.41984,2.73592],[36.42706,2.71967],[36.44588,2.70515],[36.4324,2.6779],[36.43676,2.63355],[36.45177,2.6122],[36.47092,2.60942],[36.49232,2.57503],[36.51298,2.56069],[36.52283,2.52671],[36.52847,2.52222],[36.52271,2.44837],[36.53768,2.40776],[36.5591,2.39707],[36.56646,2.40488],[36.5849,2.40739],[36.59072,2.4141]]]]}},{"type":"Feature","id":11,"properties":{"code":11,"slug":"isiolo","name":"Isiolo"},"geometry":{"type":"MultiPolygon","coordinates":[[[[37.94529,1.26288],[37.94816,1.19432],[38.03084,1.08514],[38.04751,0.80496],[38.08039,0.78042],[38.04996,0.77863],[38.02402,0.79698],[38.01552,0.79698],[38.01596,0.80234],[38.01149,0.80369],[38.00747,0.80011],[38.0097,0.7925],[37.98018,0.76969],[37.97168,0.75447],[37.95826,0.75134],[37.94036,0.73882],[37.93633,0.73032],[37.91262,0.71197],[37.88847,0.73882],[37.87683,0.74419],[37.87236,0.73569],[37.87505,0.73032],[37.84641,0.71153],[37.84238,0.70347],[37.84462,0.68961],[37.8321,0.67976],[37.7896,0.67216],[37.77394,0.67797],[37.75783,0.67261],[37.74665,0.67618],[37.72383,0.65471],[37.70907,0.66724],[37.69067,0.66309],[37.68116,0.64258],[37.66508,0.63276],[37.65044,0.63219],[37.63858,0.62144],[37.63743,0.61477],[37.64187,0.61266],[37.63284,0.59718],[37.61871,0.60009],[37.60585,0.59153],[37.58354,0.58843],[37.58086,0.57277],[37.55739,0.571],[37.54499,0.57797],[37.5319,0.56524],[37.49228,0.57619],[37.49168,0.58885],[37.47783,0.5881],[37.47029,0.59334],[37.44703,0.5804],[37.42801,0.58318],[37.39117,0.5766],[37.37449,0.5876],[37.36494,0.58695],[37.36349,0.59933],[37.35393,0.6007],[37.35283,0.62156],[37.34266,0.64578],[37.3317,0.65031],[37.30025,0.72086],[37.28917,0.73645],[37.27502,0.74381],[37.25741,0.76363],[37.24686,0.763],[37.21994,0.73944],[37.2062,0.74153],[37.20219,0.74652],[37.16857,0.74267],[37.16194,0.75164],[37.1524,0.75299],[37.15174,0.76092],[37.13659,0.75946],[37.12437,0.77806],[37.11752,0.7834],[37.10997,0.78081],[37.10217,0.78747],[37.07237,0.77913],[37.0695,0.76578],[37.05788,0.77222],[36.98059,0.74453],[36.94807,0.744],[36.93437,0.754],[36.92726,0.7289],[36.92375,0.66532],[36.92134,0.66061],[36.9134,0.66126],[36.90961,0.63271],[36.89762,0.63073],[36.89351,0.62199],[36.89017,0.62313],[36.88806,0.60962],[36.88359,0.61312],[36.86705,0.59695],[36.86437,0.56575],[37.36905,0.51155],[37.3595,0.5002],[37.35989,0.47397],[37.34888,0.45582],[37.34828,0.43949],[37.3541,0.41108],[37.36253,0.40735],[37.37004,0.38196],[37.37934,0.37689],[37.37812,0.36368],[37.3919,0.35313],[37.39118,0.3122],[37.39555,0.29952],[37.38583,0.27442],[37.39955,0.284],[37.39951,0.2962],[37.42779,0.2978],[37.46418,0.28296],[37.53705,0.26398],[37.54766,0.27907],[37.54733,0.31477],[37.55268,0.32403],[37.55546,0.32782],[37.58083,0.32752],[37.60324,0.36073],[37.59876,0.40149],[37.58563,0.40172],[37.58144,0.42002],[37.58119,0.46069],[37.58659,0.46863],[37.58646,0.48116],[37.82598,0.56178],[38.06129,0.66744],[38.17654,0.33006],[38.1959,0.3225],[38.19651,0.22868],[38.24419,0.20711],[38.26276,0.19224],[38.26721,0.18207],[38.29867,0.16011],[38.30824,0.11355],[38.32983,0.09672],[38.32482,0.078],[38.34103,0.06922],[38.3412,0.06226],[38.3499,0.06273],[38.34508,0.04616],[38.35764,0.03998],[38.35786,0.022],[38.37767,0.00592],[38.38007,-0.0019],[38.40159,-0.01412],[38.40077,-0.02191],[38.40736,-0.02712],[38.40668,-0.04136],[38.41355,-0.05077],[38.41225,-0.06329],[38.42791,-0.07401],[38.43822,-0.07024],[38.45402,-0.08419],[38.4625,-0.0839],[38.4822,-0.07474],[38.48999,-0.05877],[38.52161,-0.06183],[38.5318,-0.0539],[38.53095,-0.04205],[38.54134,-0.04217],[38.54279,-0.03084],[38.55487,-0.01548],[38.56938,-0.01719],[38.60275,-0.03302],[38.61276,-0.02875],[38.6397,-0.05214],[38.64949,-0.0519],[38.65793,-0.04507],[38.68324,-0.05374],[38.69053,-0.03968],[38.7146,-0.06004],[38.75209,-0.07169],[38.76868,-0.06875],[38.76112,-0.06261],[38.76612,-0.05375],[38.7534,-0.04718],[38.75497,-0.03703],[38.73912,0.00618],[38.72937,0.06822],[38.73342,0.13875],[38.73663,0.14896],[38.75674,0.17309],[38.75555,0.19235],[38.67641,0.49462],[38.6617,0.50906],[38.6944,0.5101],[38.70495,0.50635],[38.70962,0.51274],[38.72237,0.51098],[38.72075,0.52059],[38.72438,0.52447],[38.73596,0.51808],[38.75132,0.5231],[38.75568,0.51492],[38.76634,0.511],[38.80748,0.55139],[38.82499,0.5796],[38.85942,0.59919],[38.87092,0.60001],[38.87551,0.59436],[38.91052,0.59896],[38.9258,0.60599],[38.93983,0.62845],[38.97747,0.62131],[38.98599,0.62609],[39.00967,0.62443],[39.01302,0.63971],[39.02334,0.64531],[39.02586,0.66384],[39.03337,0.66484],[39.05346,0.68585],[39.08507,0.67514],[39.09687,0.68002],[39.10099,0.68906],[39.14095,0.69043],[39.14761,0.70632],[39.17518,0.72093],[39.17924,0.75116],[39.20142,0.79301],[39.22382,0.81868],[39.23568,0.84423],[39.31156,0.92402],[39.35825,0.95344],[39.4606,0.99454],[39.27426,1.4678],[39.44717,1.52721],[39.43851,1.52949],[39.41587,1.55042],[39.39997,1.55298],[39.39477,1.56524],[39.38742,1.5658],[39.38604,1.57445],[39.37344,1.58527],[39.34531,1.62597],[39.32616,1.63507],[39.31903,1.64428],[39.31345,1.64325],[39.30831,1.65453],[39.3005,1.65469],[39.27524,1.67347],[39.2659,1.67357],[39.23049,1.69474],[39.21385,1.69736],[39.18035,1.75338],[39.17012,1.79115],[39.14399,1.83044],[39.14473,1.84191],[39.13109,1.8662],[39.10201,1.88997],[39.09511,1.88997],[39.06848,1.9146],[39.03505,1.9671],[39.01971,1.97742],[38.99419,2.00958],[38.98956,2.02782],[38.99295,2.0402],[38.98426,2.05334],[38.98531,2.06964],[38.96255,2.09739],[38.38317,1.76128],[38.33966,1.57742],[37.94529,1.26288]]]]}},{"type":"Feature","id":12,"properties":{"code":12,"slug":"meru","name":"Meru"},"geometry":{"type":"MultiPolygon","coordinates":[[[[37.39955,0.284],[37.37461,0.2712],[37.37246,0.26271],[37.35975,0.2537],[37.36695,0.2465],[37.3481,0.20732],[37.34857,0.1963],[37.33361,0.19226],[37.33809,0.1842],[37.3072,0.17972],[37.28079,0.15242],[37.279,0.12824],[37.2534,0.09809],[37.24803,0.10509],[37.23505,0.10246],[37.23354,0.08367],[37.223,0.07672],[37.18876,0.059],[37.15368,0.05125],[37.13972,0.04072],[37.11064,0.03914],[37.0881,0.02264],[37.10324,0.00651],[37.1103,-0.01291],[37.1315,-0.02983],[37.13047,-0.03687],[37.13541,-0.04134],[37.30779,-0.15107],[37.52755,-0.18145],[37.59076,-0.18326],[37.60267,-0.19443],[37.61454,-0.19465],[37.62436,-0.20578],[37.63973,-0.20703],[37.64326,-0.21229],[37.66167,-0.21647],[37.66551,-0.20421],[37.68289,-0.20751],[37.70899,-0.20153],[37.72268,-0.20326],[37.74434,-0.18762],[37.74969,-0.18805],[37.76859,-0.15599],[37.77787,-0.1589],[37.78445,-0.15455],[37.79663,-0.16198],[37.85721,-0.12105],[37.85167,-0.11311],[37.85502,-0.10888],[37.8495,-0.10502],[37.86237,-0.06887],[37.84834,-0.03037],[37.85013,-0.01868],[37.85407,-0.01184],[37.87325,-0.01026],[37.88412,-0.01847],[37.89171,-0.01857],[37.89997,0.01025],[37.93604,0.00708],[37.94202,0.01982],[37.93991,0.02743],[37.94782,0.02851],[37.95666,0.03958],[37.9464,0.04634],[37.96395,0.06841],[37.99402,0.0691],[38.01538,0.06145],[38.02126,0.05314],[38.02815,0.05168],[38.0425,0.02649],[38.05379,0.02894],[38.05925,0.02469],[38.07201,0.02632],[38.07534,0.03222],[38.08299,0.02962],[38.09522,0.04912],[38.10484,0.04768],[38.1146,0.05744],[38.11798,0.0506],[38.13673,0.05],[38.16032,0.02945],[38.17607,0.02659],[38.19204,0.01507],[38.20564,0.01962],[38.22363,0.01262],[38.22082,0.00689],[38.22839,0.00519],[38.23119,-0.0076],[38.2461,-0.0188],[38.25653,-0.01215],[38.28859,-0.02227],[38.3034,-0.04228],[38.30066,-0.04785],[38.31836,-0.05431],[38.32909,-0.06527],[38.34599,-0.0609],[38.38149,-0.08551],[38.39281,-0.07236],[38.40347,-0.07494],[38.4207,-0.06928],[38.41146,-0.06211],[38.41355,-0.05077],[38.40668,-0.04136],[38.40736,-0.02712],[38.40077,-0.02191],[38.40159,-0.01412],[38.38007,-0.0019],[38.37767,0.00592],[38.35786,0.022],[38.35764,0.03998],[38.34508,0.04616],[38.3499,0.06273],[38.3412,0.06226],[38.34103,0.06922],[38.32482,0.078],[38.32983,0.09672],[38.30824,0.11355],[38.29867,0.16011],[38.26721,0.18207],[38.26276,0.19224],[38.24419,0.20711],[38.19651,0.22868],[38.1959,0.3225],[38.17654,0.33006],[38.06129,0.66744],[37.82598,0.56178],[37.58646,0.48116],[37.58659,0.46863],[37.58119,0.46069],[37.58144,0.42002],[37.58563,0.40172],[37.59876,0.40149],[37.60324,0.36073],[37.58083,0.32752],[37.55546,0.32782],[37.55268,0.32403],[37.54733,0.31477],[37.54766,0.27907],[37.53705,0.26398],[37.46418,0.28296],[37.42779,0.2978],[37.39951,0.2962],[37.39955,0.284]]]]}},{"type":"Feature","id":13,"properties":{"code":13,"slug":"tharaka-nithi","name":"Tharaka-Nithi"},"geometry":{"type":"MultiPolygon","coordinates":[[[[37.30779,-0.15107],[37.55381,-0.35989],[37.58475,-0.36874],[37.60177,-0.3831],[37.63038,-0.38858],[37.662,-0.42116],[37.6821,-0.42595],[37.694,-0.43758],[37.7129,-0.44257],[37.72032,-0.44985],[37.74765,-0.44482],[37.76883,-0.44833],[37.78601,-0.44577],[37.81464,-0.42716],[37.83202,-0.40419],[37.84568,-0.40313],[37.85213,-0.38896],[37.86639,-0.38166],[37.86515,-0.36955],[37.87065,-0.36519],[37.87368,-0.3489],[37.88662,-0.34214],[37.89495,-0.35234],[37.88991,-0.36546],[37.89676,-0.3699],[37.89075,-0.39286],[37.90115,-0.39652],[37.90042,-0.40407],[37.90863,-0.41351],[37.922,-0.41508],[37.92034,-0.42178],[37.9254,-0.42707],[37.95209,-0.42521],[37.96483,-0.41132],[37.96497,-0.40076],[37.96949,-0.3968],[37.96996,-0.3811],[37.97447,-0.3763],[37.96761,-0.36343],[37.97807,-0.35429],[37.97203,-0.34351],[37.97976,-0.32627],[37.98597,-0.32306],[37.97989,-0.31055],[37.99286,-0.28645],[37.99768,-0.26632],[38.0242,-0.26773],[38.04475,-0.27522],[38.08789,-0.27379],[38.10131,-0.27848],[38.11368,-0.27518],[38.13543,-0.25621],[38.14342,-0.23932],[38.16246,-0.23491],[38.16275,-0.22331],[38.18187,-0.18935],[38.18579,-0.15228],[38.19387,-0.1497],[38.19733,-0.14311],[38.20641,-0.14304],[38.20741,-0.12673],[38.22124,-0.10254],[38.25029,-0.08407],[38.27143,-0.09299],[38.27987,-0.08243],[38.28762,-0.08431],[38.30913,-0.05148],[38.30066,-0.04785],[38.3034,-0.04228],[38.28859,-0.02227],[38.25653,-0.01215],[38.2461,-0.0188],[38.23119,-0.0076],[38.22839,0.00519],[38.22082,0.00689],[38.22363,0.01262],[38.20564,0.01962],[38.19204,0.01507],[38.17607,0.02659],[38.16032,0.02945],[38.12947,0.05293],[38.1186,0.05037],[38.11362,0.0574],[38.10484,0.04768],[38.09522,0.04912],[38.08299,0.02962],[38.07534,0.03222],[38.07201,0.02632],[38.05925,0.02469],[38.05379,0.02894],[38.0425,0.02649],[38.02815,0.05168],[38.02126,0.05314],[38.01538,0.06145],[37.99402,0.0691],[37.96395,0.06841],[37.9464,0.04634],[37.95666,0.03958],[37.94782,0.02851],[37.93991,0.02743],[37.94202,0.01982],[37.93604,0.00708],[37.89997,0.01025],[37.89171,-0.01857],[37.88412,-0.01847],[37.87325,-0.01026],[37.85407,-0.01184],[37.85013,-0.01868],[37.84834,-0.03037],[37.86237,-0.06887],[37.8495,-0.10502],[37.85502,-0.10888],[37.85167,-0.11311],[37.85721,-0.12105],[37.79663,-0.16198],[37.78445,-0.15455],[37.77787,-0.1589],[37.76859,-0.15599],[37.74969,-0.18805],[37.74434,-0.18762],[37.72268,-0.20326],[37.70899,-0.20153],[37.68289,-0.20751],[37.66551,-0.20421],[37.66167,-0.21647],[37.64326,-0.21229],[37.63973,-0.20703],[37.62436,-0.20578],[37.61454,-0.19465],[37.60267,-0.19443],[37.59076,-0.18326],[37.52755,-0.18145],[37.30779,-0.15107]]]]}},{"type":"Feature","id":14,"properties":{"code":14,"slug":"embu","name":"Embu"},"geometry":{"type":"MultiPolygon","coordinates":[[[[37.30779,-0.15107],[37.42342,-0.40845],[37.42463,-0.43374],[37.4209,-0.44372],[37.42606,-0.45015],[37.42221,-0.48245],[37.42807,-0.49525],[37.42607,-0.5105],[37.44382,-0.52854],[37.44948,-0.54862],[37.47252,-0.55985],[37.47709,-0.57684],[37.48318,-0.58235],[37.47591,-0.60017],[37.48728,-0.61531],[37.47211,-0.65032],[37.47747,-0.66868],[37.47389,-0.68597],[37.47906,-0.69399],[37.47845,-0.71463],[37.48706,-0.71816],[37.49589,-0.73181],[37.47325,-0.72612],[37.46292,-0.73044],[37.46193,-0.73625],[37.43891,-0.73361],[37.41918,-0.74819],[37.4013,-0.74886],[37.37626,-0.76037],[37.37006,-0.75846],[37.35892,-0.76886],[37.32705,-0.76367],[37.31725,-0.74943],[37.27525,-0.75558],[37.26729,-0.78533],[37.28572,-0.78289],[37.30453,-0.80007],[37.30547,-0.81287],[37.3288,-0.84444],[37.36184,-0.84421],[37.37619,-0.85029],[37.37965,-0.85742],[37.38456,-0.8519],[37.39788,-0.85606],[37.4121,-0.85026],[37.41317,-0.8611],[37.42607,-0.866],[37.44052,-0.8624],[37.44668,-0.8702],[37.47367,-0.87586],[37.47137,-0.88618],[37.49434,-0.9048],[37.50429,-0.89726],[37.51632,-0.90004],[37.52157,-0.9146],[37.53435,-0.91022],[37.53367,-0.89385],[37.54659,-0.88097],[37.55249,-0.8822],[37.56113,-0.87297],[37.56617,-0.87849],[37.58841,-0.87618],[37.59245,-0.86855],[37.58914,-0.86199],[37.60299,-0.86025],[37.60651,-0.85298],[37.62708,-0.85023],[37.63018,-0.83697],[37.63621,-0.83704],[37.64099,-0.84359],[37.64682,-0.84026],[37.65841,-0.84573],[37.6655,-0.84412],[37.67205,-0.8273],[37.68167,-0.82092],[37.68227,-0.79439],[37.69044,-0.79519],[37.69895,-0.78289],[37.70773,-0.77985],[37.72471,-0.77904],[37.73291,-0.77339],[37.74162,-0.77609],[37.75813,-0.82188],[37.78734,-0.82096],[37.79573,-0.81588],[37.80549,-0.79985],[37.80823,-0.81377],[37.82007,-0.80343],[37.82907,-0.80462],[37.83499,-0.81238],[37.83902,-0.80864],[37.87122,-0.80959],[37.88306,-0.80271],[37.87993,-0.79315],[37.88397,-0.7812],[37.89277,-0.77763],[37.89082,-0.76665],[37.90303,-0.75719],[37.91549,-0.72799],[37.91161,-0.7072],[37.89932,-0.70768],[37.9039,-0.68497],[37.8948,-0.68032],[37.89304,-0.64475],[37.92192,-0.62319],[37.90074,-0.59578],[37.88261,-0.58128],[37.88743,-0.554],[37.88206,-0.53414],[37.91399,-0.46476],[37.92896,-0.44803],[37.93647,-0.42731],[37.92377,-0.42585],[37.922,-0.41508],[37.90831,-0.41329],[37.90042,-0.40407],[37.90115,-0.39652],[37.8896,-0.39116],[37.89676,-0.37712],[37.8966,-0.36931],[37.8898,-0.36504],[37.89495,-0.35267],[37.89066,-0.34494],[37.88636,-0.34218],[37.87368,-0.3489],[37.87065,-0.36519],[37.86515,-0.36955],[37.86627,-0.38181],[37.85213,-0.38896],[37.84568,-0.40313],[37.83202,-0.40419],[37.82691,-0.40876],[37.82914,-0.41213],[37.80203,-0.43612],[37.78472,-0.44637],[37.7592,-0.44872],[37.74042,-0.44507],[37.73241,-0.45016],[37.72059,-0.44994],[37.7129,-0.44257],[37.694,-0.43758],[37.6821,-0.42595],[37.662,-0.42116],[37.63038,-0.38858],[37.60177,-0.3831],[37.58475,-0.36874],[37.55381,-0.35989],[37.30779,-0.15107]]]]}},{"type":"Feature","id":15,"properties":{"code":15,"slug":"kitui","name":"Kitui"},"geometry":{"type":"MultiPolygon","coordinates":[[[[38.4207,-0.06928],[38.40347,-0.07494],[38.39281,-0.07236],[38.38149,-0.08551],[38.34649,-0.06113],[38.32956,-0.06546],[38.30913,-0.05148],[38.28762,-0.08431],[38.27987,-0.08243],[38.27143,-0.09299],[38.25029,-0.08407],[38.22124,-0.10254],[38.20741,-0.12673],[38.20641,-0.14304],[38.19733,-0.14311],[38.19387,-0.1497],[38.18579,-0.15228],[38.18187,-0.18935],[38.16275,-0.22331],[38.16246,-0.23491],[38.14342,-0.23932],[38.13543,-0.25621],[38.11368,-0.27518],[38.10131,-0.27848],[38.08789,-0.27379],[38.04475,-0.27522],[38.0242,-0.26773],[37.99727,-0.26681],[37.99286,-0.28645],[37.97989,-0.31055],[37.98597,-0.32306],[37.97976,-0.32627],[37.97203,-0.34351],[37.97813,-0.35394],[37.96761,-0.36343],[37.97447,-0.37659],[37.96996,-0.3811],[37.96492,-0.41115],[37.95184,-0.42537],[37.93483,-0.42868],[37.93121,-0.44359],[37.91399,-0.46476],[37.88206,-0.53414],[37.88743,-0.554],[37.88261,-0.58128],[37.90074,-0.59578],[37.92192,-0.62319],[37.89304,-0.64475],[37.8948,-0.68032],[37.9039,-0.68497],[37.89932,-0.70768],[37.91161,-0.7072],[37.91549,-0.72799],[37.90303,-0.75719],[37.89082,-0.76665],[37.89277,-0.77763],[37.88397,-0.7812],[37.87993,-0.79315],[37.88326,-0.80249],[37.87122,-0.80959],[37.84551,-0.80983],[37.84925,-0.83078],[37.84145,-0.83433],[37.84476,-0.84029],[37.83232,-0.85176],[37.83208,-0.86283],[37.82688,-0.86531],[37.82068,-0.8813],[37.82518,-0.88969],[37.81884,-0.89759],[37.82986,-0.90071],[37.83459,-0.91133],[37.83927,-0.90868],[37.83856,-0.91897],[37.84282,-0.91868],[37.84272,-0.92649],[37.85256,-0.9368],[37.84627,-0.94046],[37.85417,-0.96125],[37.85095,-0.95822],[37.84523,-0.96375],[37.85743,-0.96432],[37.86334,-0.96801],[37.86273,-0.97279],[37.86812,-0.97321],[37.86221,-0.97735],[37.86566,-0.98137],[37.84655,-0.99369],[37.84953,-1.00469],[37.84485,-1.04692],[37.82986,-1.06828],[37.81936,-1.07022],[37.81737,-1.08029],[37.80683,-1.09282],[37.79652,-1.12707],[37.73815,-1.07755],[37.59398,-1.08594],[37.5969,-1.14715],[37.6177,-1.14296],[37.63362,-1.16181],[37.64949,-1.19814],[37.67576,-1.23251],[37.68827,-1.24008],[37.6866,-1.24584],[37.69227,-1.25062],[37.69665,-1.26898],[37.71267,-1.29094],[37.73159,-1.34005],[37.73736,-1.34178],[37.74451,-1.35629],[37.76516,-1.35454],[37.78802,-1.37576],[37.79769,-1.39582],[37.80355,-1.39453],[37.81262,-1.43879],[37.81915,-1.44732],[37.79892,-1.45407],[37.78014,-1.47065],[37.77324,-1.48596],[37.7349,-1.49621],[37.70971,-1.48867],[37.69458,-1.49856],[37.70201,-1.50875],[37.71314,-1.50989],[37.73261,-1.54231],[37.7419,-1.553],[37.74921,-1.55459],[37.76028,-1.57701],[37.7718,-1.58357],[37.80335,-1.64257],[37.80049,-1.64874],[37.81996,-1.66538],[37.82085,-1.68179],[37.83058,-1.68192],[37.83682,-1.69067],[37.83434,-1.70969],[37.84439,-1.71338],[37.85495,-1.75435],[37.85113,-1.76781],[37.84032,-1.76787],[37.83771,-1.7792],[37.84642,-1.79704],[37.89058,-1.83801],[37.88351,-1.85239],[37.88695,-1.85952],[37.90005,-1.86324],[37.89777,-1.86935],[37.90585,-1.89279],[37.90495,-1.90348],[37.91723,-1.90418],[37.90769,-1.93322],[37.91367,-1.94197],[37.91246,-1.95431],[37.92862,-1.99076],[37.92684,-1.9956],[37.93505,-2.00054],[37.93374,-2.00583],[37.93853,-2.00999],[37.93656,-2.01797],[37.94128,-2.02159],[37.93641,-2.03181],[37.94837,-2.03492],[37.95306,-2.04722],[37.95192,-2.05648],[37.95837,-2.07099],[37.95201,-2.1309],[37.96082,-2.14145],[37.9628,-2.16533],[38.01946,-2.14605],[38.02628,-2.1609],[38.04757,-2.1676],[38.0462,-2.17883],[38.05252,-2.18512],[38.05759,-2.20501],[38.06808,-2.2126],[38.06178,-2.22043],[38.06713,-2.22391],[38.07372,-2.25943],[38.08126,-2.25904],[38.08597,-2.27013],[38.09655,-2.27041],[38.09959,-2.27881],[38.1105,-2.28458],[38.10759,-2.29857],[38.11401,-2.30116],[38.11606,-2.31195],[38.12326,-2.31772],[38.14598,-2.32082],[38.17317,-2.33816],[38.18451,-2.33783],[38.1975,-2.35264],[38.21081,-2.35416],[38.2222,-2.39878],[38.2318,-2.40069],[38.23607,-2.40873],[38.24492,-2.40867],[38.25192,-2.41991],[38.27346,-2.42317],[38.28711,-2.48208],[38.29528,-2.48647],[38.30139,-2.4987],[38.31156,-2.50252],[38.31077,-2.51134],[38.32061,-2.52902],[38.32191,-2.54843],[38.33743,-2.55562],[38.33055,-2.56375],[38.33776,-2.58456],[38.3466,-2.58832],[38.36625,-2.64845],[38.38176,-2.6624],[38.39137,-2.69843],[38.43124,-2.78673],[38.42181,-2.79657],[38.41784,-2.81168],[38.42632,-2.81902],[38.43103,-2.83964],[38.42723,-2.84953],[38.43904,-2.85585],[38.43778,-2.8637],[38.44545,-2.8693],[38.44344,-2.87977],[38.45424,-2.88141],[38.45036,-2.89249],[38.46066,-2.89621],[38.47569,-2.93645],[38.48771,-2.93648],[38.49256,-2.9553],[38.51908,-2.97483],[38.53897,-2.97374],[38.56297,-2.98642],[38.58368,-2.98704],[38.59422,-2.99855],[38.60951,-2.99517],[38.6093,-3.00652],[38.64285,-3.01215],[38.66151,-3.02885],[38.66542,-3.03953],[38.70743,-3.032],[38.73579,-3.04322],[38.77452,-3.04402],[38.78024,-3.0488],[38.80934,-3.05309],[38.8078,-3.05927],[38.7979,-3.06096],[38.80463,-3.06839],[38.81913,-3.06658],[38.84182,-3.05332],[38.84735,-3.06095],[38.86346,-3.05753],[38.89356,-3.03852],[38.91476,-3.04476],[38.93149,-3.04042],[38.9367,-3.03459],[38.97294,-3.04056],[38.98061,-3.0393],[38.99139,-3.02628],[39.02449,-3.0205],[39.03434,-3.02424],[39.04327,-3.02098],[39.04425,-3.03077],[39.06025,-3.04056],[39.07511,-3.04114],[38.62653,-2.41048],[38.6462,-2.41786],[38.68478,-2.4132],[38.71384,-2.39548],[38.71664,-2.38827],[38.7323,-2.37769],[38.73708,-2.36578],[38.75549,-2.36154],[38.77038,-2.35217],[38.78199,-2.35344],[38.78775,-2.34087],[38.79523,-2.33967],[39.01513,-1.91405],[38.95846,-1.70279],[38.98382,-1.69412],[38.9997,-1.67692],[38.95341,-1.03176],[38.82981,-0.76018],[38.43415,-0.07482],[38.4207,-0.06928]]]]}},{"type":"Feature","id":16,"properties":{"code":16,"slug":"machakos","name":"Machakos"},"geometry":{"type":"MultiPolygon","coordinates":[[[[37.84551,-0.80983],[37.83404,-0.81218],[37.82907,-0.80462],[37.82034,-0.80339],[37.80796,-0.81373],[37.80549,-0.79985],[37.79573,-0.81588],[37.78734,-0.82096],[37.75813,-0.82188],[37.74162,-0.77609],[37.73291,-0.77339],[37.72471,-0.77904],[37.70773,-0.77985],[37.69895,-0.78289],[37.69044,-0.79519],[37.68227,-0.79439],[37.68167,-0.82092],[37.67205,-0.8273],[37.6655,-0.84412],[37.65841,-0.84573],[37.64682,-0.84026],[37.64099,-0.84359],[37.63621,-0.83704],[37.63018,-0.83697],[37.62708,-0.85023],[37.60651,-0.85298],[37.60299,-0.86025],[37.58914,-0.86199],[37.59245,-0.86855],[37.58841,-0.87618],[37.56617,-0.87849],[37.56113,-0.87297],[37.55249,-0.8822],[37.54659,-0.88097],[37.53367,-0.89385],[37.53435,-0.91022],[37.52117,-0.91459],[37.51632,-0.90004],[37.50429,-0.89726],[37.49434,-0.9048],[37.47137,-0.88618],[37.47367,-0.87586],[37.44668,-0.8702],[37.44052,-0.8624],[37.42607,-0.866],[37.41317,-0.8611],[37.4121,-0.85026],[37.39788,-0.85606],[37.38456,-0.8519],[37.37965,-0.85742],[37.37619,-0.85029],[37.36184,-0.84421],[37.3288,-0.84444],[37.30547,-0.81287],[37.30531,-0.80088],[37.28685,-0.78357],[37.26729,-0.78533],[37.26237,-0.7918],[37.25719,-0.83807],[37.23495,-0.83588],[37.22492,-0.85155],[37.25155,-0.86032],[37.27724,-0.89227],[37.31764,-0.91793],[37.32423,-0.93237],[37.31327,-0.9402],[37.31922,-0.94741],[37.32746,-0.94424],[37.32705,-0.95305],[37.33665,-0.96489],[37.35399,-0.94584],[37.36621,-0.96245],[37.33707,-0.97749],[37.33864,-0.98469],[37.3612,-0.98751],[37.38232,-0.99943],[37.40517,-1.01368],[37.42004,-1.03506],[37.38945,-1.05729],[37.3429,-1.11758],[37.29785,-1.07129],[37.28038,-1.06593],[37.24493,-1.07986],[37.23108,-1.07527],[37.21225,-1.0794],[37.19225,-1.09507],[37.18805,-1.10582],[37.17519,-1.11614],[37.18651,-1.13863],[37.17979,-1.15781],[37.18187,-1.16752],[37.16201,-1.19334],[37.15538,-1.19547],[37.15968,-1.20591],[37.15321,-1.20926],[37.15314,-1.22383],[37.14175,-1.22592],[37.13588,-1.23314],[37.12048,-1.23531],[37.11879,-1.24629],[37.1096,-1.24739],[37.11044,-1.25932],[37.1029,-1.26104],[37.10213,-1.27454],[37.09814,-1.27285],[37.08279,-1.28513],[37.07712,-1.28481],[37.07271,-1.29606],[37.07634,-1.30312],[37.02485,-1.2919],[37.00259,-1.30068],[36.99507,-1.28156],[36.97282,-1.28939],[36.98285,-1.31196],[36.97909,-1.31666],[36.93991,-1.33265],[36.90468,-1.36562],[36.92191,-1.39391],[36.94155,-1.40498],[36.94603,-1.4237],[36.96113,-1.43928],[36.95895,-1.44406],[36.94484,-1.4334],[36.93191,-1.43427],[36.88773,-1.41565],[36.87598,-1.47938],[36.8826,-1.48901],[36.88812,-1.48729],[36.92227,-1.45824],[36.94073,-1.4548],[36.94866,-1.45735],[36.9453,-1.46362],[36.9759,-1.47802],[36.96885,-1.49282],[36.97278,-1.50068],[36.9618,-1.51442],[36.95893,-1.54316],[36.96608,-1.55278],[36.97947,-1.55779],[37.11086,-1.73397],[37.13417,-1.74306],[37.14157,-1.73684],[37.14791,-1.738],[37.14811,-1.75937],[37.15738,-1.76481],[37.15269,-1.77868],[37.19717,-1.77685],[37.2205,-1.76958],[37.24436,-1.73565],[37.27951,-1.77055],[37.29119,-1.75346],[37.30186,-1.75317],[37.28685,-1.71827],[37.3116,-1.70024],[37.31924,-1.70805],[37.35757,-1.70667],[37.36218,-1.70218],[37.37338,-1.70516],[37.41328,-1.6887],[37.36349,-1.59007],[37.33486,-1.56171],[37.37984,-1.52023],[37.39969,-1.52127],[37.4355,-1.53267],[37.46474,-1.51825],[37.47419,-1.52145],[37.48721,-1.51699],[37.50464,-1.5276],[37.51427,-1.52483],[37.52053,-1.53745],[37.55257,-1.53913],[37.54913,-1.54626],[37.5614,-1.55201],[37.55486,-1.55699],[37.57332,-1.55737],[37.57231,-1.56489],[37.57877,-1.56476],[37.59689,-1.55097],[37.5981,-1.56084],[37.61657,-1.5653],[37.63067,-1.58865],[37.64046,-1.58639],[37.64216,-1.61014],[37.65937,-1.64516],[37.68121,-1.62532],[37.68222,-1.58587],[37.69266,-1.58314],[37.69603,-1.58705],[37.70061,-1.58291],[37.71128,-1.60472],[37.71764,-1.60845],[37.73393,-1.59508],[37.73052,-1.58058],[37.74325,-1.56889],[37.75332,-1.56638],[37.74979,-1.55535],[37.73261,-1.54231],[37.71314,-1.50989],[37.70201,-1.50875],[37.69458,-1.49856],[37.70971,-1.48867],[37.7349,-1.49621],[37.77324,-1.48596],[37.78014,-1.47065],[37.79892,-1.45407],[37.81915,-1.44732],[37.81262,-1.43879],[37.80355,-1.39453],[37.79769,-1.39582],[37.79586,-1.38726],[37.77438,-1.36058],[37.76476,-1.35439],[37.74471,-1.35639],[37.73736,-1.34178],[37.73159,-1.34005],[37.71267,-1.29094],[37.6866,-1.24584],[37.68827,-1.24008],[37.66472,-1.21994],[37.62435,-1.14922],[37.61154,-1.14203],[37.5969,-1.14715],[37.59398,-1.08594],[37.73815,-1.07755],[37.79652,-1.12707],[37.80683,-1.09282],[37.81737,-1.08029],[37.81936,-1.07022],[37.82986,-1.06828],[37.84485,-1.04692],[37.84953,-1.00469],[37.84655,-0.99369],[37.86566,-0.98137],[37.86221,-0.97735],[37.86821,-0.97468],[37.858,-0.96456],[37.84523,-0.96375],[37.85095,-0.95822],[37.85417,-0.96125],[37.84674,-0.946],[37.84726,-0.93871],[37.85247,-0.93774],[37.85067,-0.93107],[37.84272,-0.92649],[37.84253,-0.91835],[37.83856,-0.91897],[37.83927,-0.90868],[37.83459,-0.91133],[37.82986,-0.90071],[37.8186,-0.89693],[37.82504,-0.89016],[37.82068,-0.8813],[37.82688,-0.86531],[37.83208,-0.86283],[37.83199,-0.85233],[37.84476,-0.84029],[37.84145,-0.83433],[37.84925,-0.83078],[37.84551,-0.80983]]]]}},{"type":"Feature","id":17,"properties":{"code":17,"slug":"makueni","name":"Makueni"},"geometry":{"type":"MultiPolygon","coordinates":[[[[37.75332,-1.56638],[37.73394,-1.57544],[37.73052,-1.58058],[37.73393,-1.59508],[37.7189,-1.60839],[37.71128,-1.60472],[37.70061,-1.58291],[37.69603,-1.58705],[37.69266,-1.58314],[37.68222,-1.58587],[37.68121,-1.62532],[37.65937,-1.64516],[37.64216,-1.61014],[37.64046,-1.58639],[37.63067,-1.58865],[37.61657,-1.5653],[37.5981,-1.56084],[37.59689,-1.55097],[37.57877,-1.56476],[37.57231,-1.56489],[37.57332,-1.55737],[37.55486,-1.55699],[37.5614,-1.55201],[37.54913,-1.54626],[37.55257,-1.53913],[37.52053,-1.53745],[37.51427,-1.52483],[37.50464,-1.5276],[37.48721,-1.51699],[37.47419,-1.52145],[37.46474,-1.51825],[37.4355,-1.53267],[37.39969,-1.52127],[37.37984,-1.52023],[37.33486,-1.56171],[37.36349,-1.59007],[37.41358,-1.68831],[37.37338,-1.70516],[37.36218,-1.70218],[37.35757,-1.70667],[37.31924,-1.70805],[37.3116,-1.70024],[37.28685,-1.71827],[37.30186,-1.75317],[37.29119,-1.75346],[37.27951,-1.77055],[37.24436,-1.73565],[37.2205,-1.76958],[37.20647,-1.7755],[37.16009,-1.78018],[37.14127,-1.81276],[37.14539,-1.819],[37.14283,-1.82796],[37.14806,-1.83206],[37.14207,-1.83991],[37.1542,-1.84455],[37.16241,-1.86159],[37.15903,-1.88391],[37.15209,-1.88806],[37.17032,-1.91732],[37.18226,-1.92358],[37.18616,-1.93449],[37.23413,-1.93604],[37.2462,-1.94991],[37.26432,-1.95857],[37.27551,-1.9762],[37.2791,-1.99371],[37.29925,-2.0058],[37.30907,-2.00357],[37.31409,-2.00814],[37.36049,-2.01277],[37.45196,-2.07379],[37.53517,-2.10569],[37.54331,-2.11383],[37.54153,-2.12164],[37.54922,-2.12622],[37.56372,-2.12549],[37.59395,-2.15276],[37.62128,-2.16035],[37.66434,-2.15416],[37.69836,-2.16358],[37.70695,-2.18043],[37.72318,-2.18722],[37.7239,-2.19146],[37.7133,-2.1903],[37.70346,-2.1961],[37.68418,-2.22302],[37.67423,-2.22819],[37.67757,-2.26303],[37.67118,-2.27901],[37.66687,-2.28016],[37.66886,-2.28728],[37.65379,-2.2872],[37.64499,-2.29874],[37.63089,-2.29453],[37.63091,-2.30028],[37.62267,-2.30425],[37.61686,-2.29622],[37.61199,-2.29707],[37.60583,-2.30801],[37.59734,-2.31091],[37.84947,-2.60393],[37.87808,-2.65923],[37.89074,-2.67353],[37.90091,-2.70242],[37.92155,-2.70435],[37.93035,-2.72361],[37.9243,-2.74094],[37.92788,-2.76047],[37.94412,-2.78079],[37.97371,-2.78859],[38.10886,-2.71651],[38.12765,-2.69896],[38.15104,-2.69922],[38.16154,-2.67987],[38.16715,-2.69441],[38.27061,-2.77002],[38.3199,-2.83315],[38.35123,-2.88692],[38.38158,-2.9182],[38.39626,-2.92751],[38.40856,-2.9283],[38.42934,-2.95571],[38.44871,-2.97214],[38.45745,-2.99029],[38.48801,-2.97754],[38.4926,-2.98346],[38.5134,-2.98311],[38.51908,-2.97483],[38.49256,-2.9553],[38.48771,-2.93648],[38.47569,-2.93645],[38.46066,-2.89621],[38.45036,-2.89249],[38.45424,-2.88141],[38.44344,-2.87977],[38.44545,-2.8693],[38.43778,-2.8637],[38.43904,-2.85585],[38.42738,-2.84993],[38.43103,-2.83964],[38.42632,-2.81902],[38.41784,-2.81168],[38.42201,-2.79622],[38.43144,-2.78723],[38.39137,-2.69843],[38.38176,-2.6624],[38.36625,-2.64845],[38.3466,-2.58832],[38.33776,-2.58456],[38.33055,-2.56375],[38.33743,-2.55562],[38.32191,-2.54843],[38.32061,-2.52902],[38.31077,-2.51134],[38.31156,-2.50252],[38.30139,-2.4987],[38.29528,-2.48647],[38.28711,-2.48208],[38.27346,-2.42317],[38.25192,-2.41991],[38.24492,-2.40867],[38.23607,-2.40873],[38.2318,-2.40069],[38.2222,-2.39878],[38.21081,-2.35416],[38.1975,-2.35264],[38.18451,-2.33783],[38.17317,-2.33816],[38.14598,-2.32082],[38.12326,-2.31772],[38.11606,-2.31195],[38.11401,-2.30116],[38.10759,-2.29857],[38.1105,-2.28458],[38.09959,-2.27881],[38.09655,-2.27041],[38.08597,-2.27013],[38.08126,-2.25904],[38.07372,-2.25943],[38.06713,-2.22391],[38.06178,-2.22043],[38.06808,-2.2126],[38.05759,-2.20501],[38.05252,-2.18512],[38.0462,-2.17883],[38.04757,-2.1676],[38.02628,-2.1609],[38.01946,-2.14605],[37.9628,-2.16533],[37.96082,-2.14145],[37.95201,-2.1309],[37.95837,-2.07099],[37.95192,-2.05648],[37.95306,-2.04722],[37.94837,-2.03492],[37.93641,-2.03181],[37.94128,-2.02159],[37.93656,-2.01797],[37.93853,-2.00999],[37.93374,-2.00583],[37.93505,-2.00054],[37.92684,-1.9956],[37.92862,-1.99076],[37.91246,-1.95431],[37.91367,-1.94197],[37.90769,-1.93322],[37.91698,-1.90341],[37.90495,-1.90348],[37.90585,-1.89279],[37.89777,-1.86935],[37.90005,-1.86324],[37.88695,-1.85952],[37.88351,-1.85239],[37.89058,-1.83801],[37.84642,-1.79704],[37.83771,-1.7792],[37.84032,-1.76787],[37.85113,-1.76781],[37.85495,-1.75435],[37.84439,-1.71338],[37.83434,-1.70969],[37.83682,-1.69067],[37.83058,-1.68192],[37.81989,-1.68065],[37.81996,-1.66538],[37.80049,-1.64874],[37.80335,-1.64257],[37.7718,-1.58357],[37.76028,-1.57701],[37.75332,-1.56638]]]]}},{"type":"Feature","id":18,"properties":{"code":18,"slug":"nyandarua","name":"Nyandarua"},"geometry":{"type":"MultiPolygon","coordinates":[[[[36.25549,-0.02196],[36.25074,-0.05043],[36.2464,-0.05441],[36.25,-0.08964],[36.24446,-0.12117],[36.22609,-0.11895],[36.22609,-0.11135],[36.21972,-0.10902],[36.19844,-0.14009],[36.20996,-0.20527],[36.21632,-0.21449],[36.22115,-0.21296],[36.24397,-0.25784],[36.20864,-0.27429],[36.22247,-0.35658],[36.22928,-0.34351],[36.24768,-0.34712],[36.26131,-0.34408],[36.27316,-0.39489],[36.29006,-0.37843],[36.30745,-0.37187],[36.31015,-0.39071],[36.33182,-0.3928],[36.35884,-0.37971],[36.36427,-0.39653],[36.3768,-0.40559],[36.37779,-0.42307],[36.38354,-0.42735],[36.38701,-0.44204],[36.3846,-0.46323],[36.39314,-0.47371],[36.39338,-0.49957],[36.39978,-0.50618],[36.39821,-0.51636],[36.40292,-0.52417],[36.39721,-0.5316],[36.40437,-0.5526],[36.40018,-0.57274],[36.40804,-0.57921],[36.44637,-0.5712],[36.44977,-0.61306],[36.46477,-0.63073],[36.50092,-0.62376],[36.50991,-0.60958],[36.51062,-0.62056],[36.51716,-0.6239],[36.51384,-0.63105],[36.52208,-0.63692],[36.52493,-0.64904],[36.5179,-0.65306],[36.5397,-0.69645],[36.51697,-0.71132],[36.53141,-0.74588],[36.55809,-0.83781],[36.54836,-0.85011],[36.55037,-0.86872],[36.54292,-0.90822],[36.55285,-0.92],[36.56864,-0.91107],[36.56181,-0.90393],[36.58701,-0.88675],[36.59797,-0.86185],[36.58981,-0.84894],[36.58598,-0.82653],[36.61856,-0.8298],[36.60829,-0.80562],[36.65028,-0.76462],[36.65846,-0.76778],[36.67156,-0.75849],[36.68559,-0.76481],[36.72004,-0.80637],[36.72183,-0.7877],[36.71766,-0.78012],[36.73264,-0.77943],[36.71811,-0.76252],[36.70359,-0.69927],[36.70411,-0.62867],[36.68005,-0.59671],[36.67901,-0.58087],[36.66902,-0.57558],[36.66121,-0.52505],[36.65455,-0.51667],[36.66385,-0.48256],[36.66236,-0.46533],[36.64858,-0.46143],[36.6503,-0.43594],[36.62251,-0.40378],[36.63044,-0.38954],[36.60115,-0.373],[36.61355,-0.35658],[36.60632,-0.33476],[36.61252,-0.31153],[36.68201,-0.18551],[36.67866,-0.17441],[36.68586,-0.17446],[36.6538,-0.15419],[36.63291,-0.10874],[36.56867,-0.10366],[36.55935,-0.09287],[36.55216,-0.09147],[36.55741,-0.08073],[36.54458,-0.06837],[36.5589,-0.04485],[36.57365,-0.0339],[36.58176,-0.02114],[36.64949,-0.01692],[36.63464,0.01618],[36.59919,0.00337],[36.5891,0.02782],[36.58825,0.04406],[36.57384,0.07078],[36.52135,0.04869],[36.51044,0.08513],[36.46245,0.1403],[36.44108,0.09152],[36.42313,0.08542],[36.40073,0.05964],[36.42394,0.04599],[36.41351,0.03961],[36.39888,0.0401],[36.39933,0.03288],[36.39249,0.0305],[36.38538,0.03725],[36.3848,0.03168],[36.36344,0.04853],[36.35439,0.06864],[36.34877,0.07051],[36.33643,0.06284],[36.34561,0.03101],[36.30254,0.01612],[36.29858,0.00524],[36.29352,0.00476],[36.29269,0.01193],[36.27126,-0.0011],[36.26727,-0.02158],[36.25549,-0.02196]]]]}},{"type":"Feature","id":19,"properties":{"code":19,"slug":"nyeri","name":"Nyeri"},"geometry":{"type":"MultiPolygon","coordinates":[[[[36.65747,-0.15308],[36.68586,-0.17446],[36.67866,-0.17441],[36.68201,-0.18551],[36.61252,-0.31153],[36.60632,-0.33476],[36.61355,-0.35658],[36.60115,-0.373],[36.63044,-0.38954],[36.62251,-0.40378],[36.6503,-0.43594],[36.64858,-0.46143],[36.66236,-0.46533],[36.66385,-0.48256],[36.65455,-0.51667],[36.66121,-0.52505],[36.66902,-0.57558],[36.67901,-0.58087],[36.67936,-0.59511],[36.69681,-0.62244],[36.70411,-0.62867],[36.70684,-0.62466],[36.70467,-0.59021],[36.72111,-0.57166],[36.73381,-0.56666],[36.74645,-0.57161],[36.7779,-0.56643],[36.80413,-0.57062],[36.8108,-0.58028],[36.83792,-0.59551],[36.84446,-0.59374],[36.86008,-0.60812],[36.92128,-0.60933],[36.92132,-0.60441],[36.98652,-0.57601],[36.99628,-0.58428],[37.01553,-0.58472],[37.02659,-0.59155],[37.04843,-0.59484],[37.05893,-0.6102],[37.09882,-0.6276],[37.10056,-0.63683],[37.10934,-0.64117],[37.1226,-0.64357],[37.1403,-0.63806],[37.15165,-0.64111],[37.15448,-0.63554],[37.17655,-0.63321],[37.17215,-0.62687],[37.17385,-0.61637],[37.17818,-0.61493],[37.17717,-0.60058],[37.16788,-0.5915],[37.15922,-0.59182],[37.14388,-0.56966],[37.14951,-0.55483],[37.14642,-0.53425],[37.16798,-0.50707],[37.16167,-0.49183],[37.17679,-0.48293],[37.17483,-0.44252],[37.19365,-0.44311],[37.19967,-0.43904],[37.19937,-0.43012],[37.20554,-0.42507],[37.20532,-0.41636],[37.30779,-0.15107],[37.13047,-0.03687],[37.1237,-0.05447],[37.07653,-0.00269],[37.07686,0.00981],[37.07114,0.0009],[37.06323,0.00188],[37.0515,-0.00994],[37.02436,-0.0491],[36.97655,-0.07193],[36.9836,-0.13499],[36.99382,-0.1457],[37.00671,-0.15029],[37.00443,-0.17679],[37.0168,-0.1808],[37.00703,-0.2212],[37.0116,-0.2318],[37.00117,-0.24876],[36.98813,-0.25568],[36.9958,-0.27131],[36.98541,-0.29619],[36.96122,-0.28472],[36.87778,-0.26029],[36.86884,-0.24904],[36.85474,-0.2543],[36.83759,-0.19774],[36.85011,-0.19763],[36.86912,-0.17776],[36.85659,-0.15494],[36.85957,-0.14349],[36.82901,-0.13569],[36.82906,-0.1036],[36.79067,-0.10675],[36.76494,-0.11475],[36.76319,-0.10932],[36.75219,-0.12084],[36.71593,-0.12956],[36.7108,-0.13674],[36.65747,-0.15308]]]]}},{"type":"Feature","id":20,"properties":{"code":20,"slug":"kirinyaga","name":"Kirinyaga"},"geometry":{"type":"MultiPolygon","coordinates":[[[[37.17072,-0.63174],[37.16946,-0.6493],[37.1768,-0.65383],[37.17917,-0.66719],[37.19943,-0.6635],[37.21236,-0.68858],[37.22588,-0.67289],[37.23709,-0.66749],[37.23609,-0.67677],[37.24376,-0.6916],[37.24217,-0.70272],[37.24417,-0.70779],[37.24901,-0.7073],[37.25429,-0.72033],[37.24943,-0.72419],[37.25607,-0.72722],[37.26494,-0.74417],[37.26168,-0.74698],[37.26973,-0.75366],[37.26031,-0.75106],[37.25541,-0.75486],[37.26155,-0.78039],[37.26729,-0.78533],[37.27525,-0.75558],[37.31725,-0.74943],[37.32705,-0.76367],[37.35892,-0.76886],[37.37006,-0.75846],[37.37626,-0.76037],[37.4013,-0.74886],[37.41918,-0.74819],[37.43891,-0.73361],[37.46193,-0.73625],[37.46292,-0.73044],[37.47325,-0.72612],[37.49589,-0.73181],[37.48706,-0.71816],[37.47845,-0.71463],[37.47906,-0.69399],[37.47389,-0.68597],[37.47747,-0.66868],[37.47211,-0.65032],[37.48728,-0.61531],[37.47591,-0.60017],[37.48318,-0.58235],[37.47709,-0.57684],[37.47252,-0.55985],[37.44948,-0.54862],[37.44382,-0.52854],[37.42607,-0.5105],[37.42807,-0.49525],[37.42221,-0.48245],[37.42606,-0.45015],[37.4209,-0.44372],[37.42463,-0.43374],[37.42342,-0.40845],[37.30779,-0.15107],[37.20532,-0.41636],[37.20554,-0.42507],[37.19937,-0.43012],[37.19967,-0.43904],[37.19365,-0.44311],[37.17483,-0.44252],[37.17679,-0.48293],[37.16167,-0.49183],[37.16798,-0.50707],[37.14642,-0.53425],[37.14956,-0.55423],[37.14413,-0.5703],[37.15922,-0.59182],[37.16788,-0.5915],[37.17861,-0.60505],[37.17233,-0.62329],[37.17662,-0.63309],[37.17072,-0.63174]]]]}},{"type":"Feature","id":21,"properties":{"code":21,"slug":"murang-a","name":"Murang'a"},"geometry":{"type":"MultiPolygon","coordinates":[[[[36.72004,-0.80637],[36.73853,-0.81815],[36.74769,-0.83152],[36.77406,-0.83399],[36.80563,-0.85669],[36.82378,-0.86395],[36.83744,-0.87748],[36.85684,-0.88211],[36.87941,-0.89803],[36.88552,-0.89589],[36.89224,-0.91149],[36.90652,-0.91322],[36.91172,-0.92824],[36.95439,-0.95581],[36.96462,-0.97347],[36.97915,-0.97677],[37.02182,-1.01135],[37.03869,-1.03165],[37.05033,-1.03371],[37.07125,-1.02596],[37.0859,-1.03371],[37.1062,-1.03578],[37.12234,-1.05319],[37.13174,-1.0484],[37.15366,-1.05393],[37.17384,-1.04444],[37.17623,-1.03462],[37.19273,-1.04288],[37.21399,-1.03454],[37.23148,-1.01812],[37.2439,-1.02521],[37.26433,-1.01704],[37.30989,-1.06615],[37.31459,-1.06409],[37.33403,-1.08191],[37.33923,-1.07993],[37.34905,-1.09198],[37.36282,-1.09474],[37.38945,-1.05729],[37.42004,-1.03506],[37.40517,-1.01368],[37.38232,-0.99943],[37.3612,-0.98751],[37.33864,-0.98469],[37.33707,-0.97749],[37.36621,-0.96245],[37.35399,-0.94584],[37.33665,-0.96489],[37.32705,-0.95305],[37.32746,-0.94424],[37.31922,-0.94741],[37.31327,-0.9402],[37.32423,-0.93237],[37.31764,-0.91793],[37.27724,-0.89227],[37.25155,-0.86032],[37.22492,-0.85155],[37.23495,-0.83588],[37.25719,-0.83807],[37.26193,-0.7928],[37.26729,-0.78533],[37.26139,-0.77999],[37.25549,-0.75418],[37.26056,-0.75105],[37.26979,-0.75417],[37.26168,-0.74698],[37.26494,-0.74417],[37.25607,-0.72722],[37.24943,-0.72419],[37.25429,-0.72033],[37.24901,-0.7073],[37.24417,-0.70779],[37.24217,-0.70272],[37.24376,-0.6916],[37.23609,-0.67677],[37.23709,-0.66749],[37.22588,-0.67289],[37.21236,-0.68858],[37.19943,-0.6635],[37.17917,-0.66719],[37.1768,-0.65383],[37.16946,-0.6493],[37.16912,-0.63562],[37.15448,-0.63554],[37.15165,-0.64111],[37.1403,-0.63806],[37.1226,-0.64357],[37.10934,-0.64117],[37.10056,-0.63683],[37.09882,-0.6276],[37.05893,-0.6102],[37.04829,-0.59478],[37.02659,-0.59155],[37.01553,-0.58472],[36.99628,-0.58428],[36.98579,-0.57602],[36.92132,-0.60441],[36.92128,-0.60933],[36.88372,-0.6113],[36.86699,-0.60588],[36.86008,-0.60812],[36.84446,-0.59374],[36.83792,-0.59551],[36.8108,-0.58028],[36.80333,-0.57029],[36.77732,-0.56643],[36.74645,-0.57161],[36.73381,-0.56666],[36.72111,-0.57166],[36.70467,-0.59021],[36.70845,-0.608],[36.70169,-0.64916],[36.70359,-0.69927],[36.71446,-0.73552],[36.71542,-0.75474],[36.73264,-0.77943],[36.71766,-0.78012],[36.72183,-0.7877],[36.72004,-0.80637]]]]}},{"type":"Feature","id":22,"properties":{"code":22,"slug":"kiambu","name":"Kiambu"},"geometry":{"type":"MultiPolygon","coordinates":[[[[36.54166,-1.127],[36.51061,-1.24019],[36.48823,-1.27179],[36.65764,-1.30479],[36.66389,-1.31521],[36.68428,-1.2852],[36.68439,-1.27463],[36.69147,-1.26826],[36.69019,-1.25891],[36.71754,-1.26146],[36.72618,-1.23238],[36.74454,-1.2355],[36.75317,-1.22087],[36.77381,-1.22982],[36.78794,-1.20931],[36.78123,-1.20229],[36.78805,-1.19109],[36.83044,-1.21466],[36.82699,-1.20625],[36.84549,-1.21149],[36.8476,-1.20279],[36.85649,-1.202],[36.85921,-1.18929],[36.87235,-1.1956],[36.8965,-1.1925],[36.88504,-1.1721],[36.89597,-1.16046],[36.91639,-1.16146],[36.93923,-1.17396],[36.90923,-1.20637],[36.92883,-1.22164],[36.95483,-1.22892],[36.98615,-1.2231],[37.00463,-1.23675],[37.04246,-1.2099],[37.06042,-1.20575],[37.07875,-1.23768],[37.08784,-1.23235],[37.09411,-1.24395],[37.08659,-1.24802],[37.10272,-1.26172],[37.10909,-1.26054],[37.1096,-1.24739],[37.11879,-1.24629],[37.12048,-1.23531],[37.13588,-1.23314],[37.14175,-1.22592],[37.15475,-1.22175],[37.15321,-1.20926],[37.15968,-1.20591],[37.15538,-1.19547],[37.16201,-1.19334],[37.18205,-1.16678],[37.17979,-1.15781],[37.18651,-1.13863],[37.17519,-1.11614],[37.21087,-1.08002],[37.23108,-1.07527],[37.24493,-1.07986],[37.26787,-1.0677],[37.28099,-1.06609],[37.29785,-1.07129],[37.3429,-1.11758],[37.36282,-1.09474],[37.34905,-1.09198],[37.33923,-1.07993],[37.33403,-1.08191],[37.31459,-1.06409],[37.30989,-1.06615],[37.26433,-1.01704],[37.2439,-1.02521],[37.23148,-1.01812],[37.21399,-1.03454],[37.19273,-1.04288],[37.17623,-1.03462],[37.17384,-1.04444],[37.15366,-1.05393],[37.13174,-1.0484],[37.12234,-1.05319],[37.1062,-1.03578],[37.0859,-1.03371],[37.07125,-1.02596],[37.05033,-1.03371],[37.0363,-1.03083],[37.02182,-1.01135],[36.97915,-0.97677],[36.96462,-0.97347],[36.95439,-0.95581],[36.91172,-0.92824],[36.90652,-0.91322],[36.89224,-0.91149],[36.88643,-0.89655],[36.87941,-0.89803],[36.85684,-0.88211],[36.83744,-0.87748],[36.82378,-0.86395],[36.80563,-0.85669],[36.77406,-0.83399],[36.74769,-0.83152],[36.73853,-0.81815],[36.72004,-0.80637],[36.68559,-0.76481],[36.67156,-0.75849],[36.65846,-0.76778],[36.65028,-0.76462],[36.60829,-0.80562],[36.61856,-0.8298],[36.58598,-0.82653],[36.58981,-0.84894],[36.59797,-0.86185],[36.58701,-0.88675],[36.56181,-0.90393],[36.56864,-0.91107],[36.55285,-0.92],[36.56116,-0.92431],[36.56834,-0.92155],[36.57801,-0.92928],[36.57249,-0.94226],[36.57994,-0.94806],[36.58492,-0.97927],[36.59403,-0.98341],[36.59541,-0.9917],[36.58425,-1.04438],[36.58827,-1.06338],[36.56695,-1.1015],[36.56385,-1.10011],[36.54166,-1.127]]]]}},{"type":"Feature","id":23,"properties":{"code":23,"slug":"turkana","name":"Turkana"},"geometry":{"type":"MultiPolygon","coordinates":[[[[36.05061,4.45622],[35.94395,4.54803],[35.93885,4.58436],[35.94935,4.62856],[35.81215,4.78241],[35.81184,5.09573],[35.86193,5.15736],[35.86412,5.18254],[35.8547,5.2021],[35.83866,5.21133],[35.82771,5.24222],[35.83024,5.2623],[35.85341,5.28981],[35.86017,5.29123],[35.86322,5.32012],[35.85584,5.31826],[35.84142,5.32859],[35.84071,5.33411],[35.82238,5.33521],[35.819,5.34163],[35.80549,5.3471],[35.79055,5.34539],[35.78246,5.35486],[35.77303,5.35619],[35.77394,5.34715],[35.75424,5.35757],[35.75171,5.36585],[35.75533,5.36819],[35.75086,5.37332],[35.747,5.36914],[35.74572,5.37361],[35.73734,5.37264],[35.73549,5.37808],[35.7294,5.37332],[35.72735,5.37761],[35.72216,5.37185],[35.7224,5.38627],[35.7156,5.38522],[35.71659,5.39117],[35.6986,5.39146],[35.68942,5.38513],[35.67962,5.3895],[35.67138,5.38437],[35.65544,5.38732],[35.65173,5.39365],[35.63217,5.38232],[35.61804,5.38051],[35.61666,5.40392],[35.60552,5.40378],[35.605,5.39864],[35.60062,5.39836],[35.58991,5.40688],[35.59253,5.41078],[35.58753,5.41554],[35.55983,5.42292],[35.48496,5.42968],[35.29179,5.43065],[35.19461,5.27668],[34.36576,4.57663],[33.99281,4.22247],[34.04857,4.17834],[34.06702,4.14217],[34.05085,4.12078],[34.06401,4.09322],[34.08179,4.08499],[34.09313,4.06871],[34.09035,4.0376],[34.05979,4.02793],[34.06196,4.00937],[34.08146,4.00348],[34.10595,3.97693],[34.13439,3.96165],[34.11944,3.90205],[34.09124,3.88557],[34.08846,3.86161],[34.12784,3.87223],[34.16721,3.8703],[34.17538,3.87998],[34.21556,3.88155],[34.22539,3.85137],[34.22539,3.83083],[34.17952,3.83165],[34.16282,3.81041],[34.15317,3.80722],[34.15358,3.80034],[34.18864,3.79539],[34.19037,3.78337],[34.16532,3.77394],[34.1718,3.76768],[34.22116,3.7845],[34.22899,3.77458],[34.23304,3.78114],[34.24554,3.78426],[34.26724,3.74737],[34.30775,3.71241],[34.30257,3.68611],[34.32421,3.72741],[34.36992,3.73507],[34.39978,3.70618],[34.40313,3.69287],[34.45478,3.67687],[34.46303,3.66959],[34.45314,3.61176],[34.45649,3.57874],[34.45099,3.5188],[34.4235,3.49152],[34.39648,3.48863],[34.38877,3.49192],[34.39109,3.48286],[34.41667,3.45052],[34.41898,3.43369],[34.40968,3.41794],[34.40137,3.41409],[34.40063,3.37131],[34.42924,3.34312],[34.44773,3.28287],[34.45544,3.18276],[34.4607,3.17429],[34.48275,3.16478],[34.49474,3.14146],[34.51328,3.15108],[34.54759,3.13881],[34.55927,3.11299],[34.57547,3.09925],[34.57739,3.02332],[34.58827,3.00412],[34.59908,2.92609],[34.64014,2.90762],[34.65346,2.86751],[34.69267,2.86293],[34.70229,2.87807],[34.71232,2.86537],[34.73698,2.8552],[34.74932,2.82578],[34.75989,2.82879],[34.76661,2.82256],[34.78385,2.74992],[34.77489,2.69781],[34.78948,2.68399],[34.79853,2.6557],[34.83019,2.62069],[34.85194,2.58355],[34.86733,2.57082],[34.87814,2.57274],[34.8794,2.5896],[34.89304,2.59324],[34.89699,2.58809],[34.91266,2.51675],[34.93182,2.51661],[34.94728,2.47268],[34.95277,2.47219],[34.95116,2.45817],[34.94082,2.45311],[34.97118,2.43649],[35.01168,2.40359],[35.00871,2.42473],[35.0214,2.43379],[35.02213,2.44333],[34.99701,2.47866],[35.00869,2.55071],[35.01614,2.56765],[35.02663,2.5644],[35.0316,2.53724],[35.06916,2.4627],[35.09335,2.47856],[35.10749,2.50515],[35.11034,2.52895],[35.10484,2.55476],[35.13235,2.64892],[35.16054,2.64824],[35.17439,2.63681],[35.22493,2.52992],[35.22027,2.48749],[35.22257,2.46227],[35.2317,2.44139],[35.22332,2.41205],[35.23664,2.37859],[35.23213,2.35122],[35.26126,2.33168],[35.27114,2.31973],[35.29804,2.27069],[35.32486,2.16679],[35.3658,2.03621],[35.37494,1.99218],[35.37337,1.96619],[35.37917,1.94801],[35.37186,1.94378],[35.36503,1.92894],[35.44166,1.8519],[35.44918,1.85006],[35.4497,1.84505],[35.46365,1.84233],[35.46855,1.83084],[35.46437,1.82114],[35.4693,1.81711],[35.46354,1.80817],[35.47699,1.80341],[35.47763,1.79557],[35.48138,1.79705],[35.48174,1.79089],[35.49105,1.7889],[35.5051,1.7754],[35.50992,1.76389],[35.5241,1.76817],[35.54218,1.76647],[35.58305,1.75138],[35.60182,1.75824],[35.61727,1.74504],[35.62656,1.74338],[35.62728,1.74711],[35.65681,1.73803],[35.66984,1.72432],[35.69788,1.70814],[35.72004,1.7071],[35.76241,1.67092],[35.79235,1.66426],[36.09659,1.16941],[36.17396,1.17086],[36.31688,0.99126],[36.34037,0.99313],[36.35007,0.96613],[36.36241,0.96346],[36.36683,0.95589],[36.38163,0.95458],[36.38784,0.94825],[36.38565,0.92785],[36.39206,0.91877],[36.41782,0.93691],[36.44267,0.97107],[36.44539,0.98427],[36.43956,1.00252],[36.44578,0.9998],[36.44849,0.98039],[36.45937,0.97845],[36.45859,0.9967],[36.45315,0.99747],[36.45351,1.01471],[36.44156,1.04287],[36.44405,1.07326],[36.43732,1.08647],[36.4448,1.11337],[36.43333,1.14153],[36.4423,1.17292],[36.41864,1.18662],[36.39223,1.17317],[36.39148,1.18438],[36.38699,1.18662],[36.39641,1.19398],[36.39397,1.22001],[36.41241,1.23246],[36.41415,1.22648],[36.41814,1.22698],[36.42163,1.2367],[36.4134,1.24667],[36.4134,1.25962],[36.40393,1.2514],[36.38774,1.26336],[36.39098,1.26959],[36.39596,1.26959],[36.39497,1.27681],[36.40419,1.27258],[36.40817,1.27905],[36.43857,1.26136],[36.44629,1.25115],[36.45351,1.25439],[36.45351,1.26161],[36.45078,1.27258],[36.43558,1.28952],[36.43782,1.30272],[36.43259,1.30422],[36.41938,1.2945],[36.40344,1.30048],[36.40194,1.3082],[36.39048,1.31294],[36.40568,1.31892],[36.42113,1.33685],[36.42237,1.34782],[36.45825,1.36875],[36.46647,1.39864],[36.46099,1.40338],[36.45501,1.39814],[36.44729,1.4121],[36.4276,1.40811],[36.42686,1.41509],[36.41714,1.41758],[36.38948,1.44498],[36.35585,1.43601],[36.34788,1.43875],[36.31823,1.4699],[36.28858,1.46392],[36.28659,1.4699],[36.29755,1.48833],[36.29382,1.50204],[36.29606,1.53318],[36.29979,1.54215],[36.3399,1.57803],[36.3409,1.5708],[36.36009,1.57205],[36.35785,1.58774],[36.36681,1.59572],[36.37479,1.58475],[36.3693,1.56358],[36.37205,1.54788],[36.385,1.52272],[36.39347,1.52272],[36.40992,1.56108],[36.43134,1.5845],[36.43109,1.59796],[36.44031,1.61565],[36.46547,1.61465],[36.46199,1.62237],[36.47046,1.6433],[36.46996,1.65825],[36.47893,1.66846],[36.47793,1.67743],[36.4854,1.68292],[36.48416,1.70285],[36.50085,1.70858],[36.49936,1.71755],[36.50484,1.72153],[36.50559,1.73125],[36.51854,1.74097],[36.51904,1.74595],[36.51381,1.74844],[36.52527,1.75492],[36.52153,1.76663],[36.51331,1.75616],[36.51505,1.76065],[36.50758,1.77136],[36.51655,1.76513],[36.5178,1.77335],[36.51356,1.77684],[36.51954,1.77859],[36.52228,1.78606],[36.51854,1.79129],[36.52552,1.79179],[36.5295,1.80524],[36.51929,1.80599],[36.51356,1.81596],[36.51132,1.82592],[36.51929,1.82493],[36.52153,1.8319],[36.51754,1.83539],[36.52303,1.84635],[36.51804,1.85308],[36.51207,1.84959],[36.51157,1.8765],[36.52328,1.88323],[36.52402,1.8922],[36.53648,1.89867],[36.53399,1.90665],[36.53947,1.92658],[36.53598,1.93156],[36.53623,1.9637],[36.52652,1.95349],[36.5295,1.96395],[36.53773,1.97117],[36.54196,1.98886],[36.53913,2.00191],[36.54019,2.00674],[36.54612,2.0071],[36.54485,2.0305],[36.54925,2.03148],[36.55566,2.04884],[36.56811,2.05801],[36.56354,2.10381],[36.57911,2.1208],[36.58689,2.14561],[36.59448,2.14651],[36.60966,2.16259],[36.60991,2.15614],[36.6362,2.1639],[36.68176,2.19337],[36.70151,2.19974],[36.69988,2.21827],[36.71131,2.22439],[36.7091,2.23767],[36.71376,2.24782],[36.70657,2.26194],[36.72282,2.27501],[36.72371,2.30097],[36.60096,2.36001],[36.60089,2.40574],[36.59103,2.41397],[36.5849,2.40739],[36.56646,2.40488],[36.55968,2.39711],[36.53819,2.4068],[36.52271,2.44837],[36.52847,2.52222],[36.52283,2.52671],[36.51298,2.56069],[36.49232,2.57503],[36.47092,2.60942],[36.45177,2.6122],[36.43676,2.63355],[36.4324,2.6779],[36.44575,2.7056],[36.42706,2.71967],[36.41984,2.73592],[36.41728,2.76254],[36.39454,2.79974],[36.38145,2.83467],[36.36068,2.85907],[36.28164,2.89121],[36.26896,2.9078],[36.2537,2.96516],[36.25359,2.95445],[36.24658,2.94912],[36.23379,2.95691],[36.22416,2.95857],[36.22221,2.95487],[36.19133,2.96834],[36.13364,2.96698],[36.13673,2.97917],[36.12904,2.97397],[36.12933,2.98077],[36.12362,2.9802],[36.14132,3.03701],[36.1413,3.07298],[36.14882,3.07576],[36.15323,3.08584],[36.15242,3.13159],[36.1408,3.15375],[36.15258,3.18988],[36.15355,3.21691],[36.14766,3.22404],[36.14341,3.21014],[36.1317,3.21112],[36.1133,3.22135],[36.07495,3.22726],[36.05209,3.24057],[36.05061,4.45622]]]]}},{"type":"Feature","id":24,"properties":{"code":24,"slug":"west-pokot","name":"West Pokot"},"geometry":{"type":"MultiPolygon","coordinates":[[[[34.94278,2.45547],[34.92255,2.45267],[34.90037,2.43989],[34.88289,2.41874],[34.87907,2.39788],[34.92816,2.26111],[34.9751,2.16294],[34.99235,2.09288],[34.96375,2.06367],[34.98313,1.99931],[34.98386,1.98062],[35.02585,1.92418],[35.00049,1.83833],[34.98782,1.66525],[34.94221,1.57622],[34.92032,1.56333],[34.91005,1.56417],[34.90228,1.5524],[34.88681,1.55582],[34.88053,1.53603],[34.86357,1.52663],[34.85842,1.45263],[34.84048,1.45278],[34.78856,1.41632],[34.80399,1.37337],[34.79324,1.36081],[34.82988,1.30923],[34.83221,1.27159],[34.82229,1.26259],[34.91066,1.2842],[34.90607,1.25208],[34.97197,1.24625],[34.9931,1.25765],[35.01207,1.25424],[35.02299,1.23517],[35.04445,1.21541],[35.03525,1.20379],[35.04169,1.19446],[35.08308,1.1692],[35.08704,1.18332],[35.117,1.18804],[35.12425,1.18378],[35.15214,1.19937],[35.32454,1.11645],[35.35561,1.13204],[35.54386,1.28514],[35.57579,1.29148],[35.58531,1.28316],[35.60802,1.28006],[35.63919,1.30319],[35.69595,1.31901],[35.69911,1.3274],[35.6946,1.33885],[35.68757,1.3412],[35.69122,1.3424],[35.68702,1.35723],[35.70146,1.38448],[35.69826,1.38813],[35.70211,1.40033],[35.71091,1.40077],[35.70575,1.40571],[35.7106,1.41273],[35.70611,1.41598],[35.70575,1.43838],[35.72002,1.45154],[35.72258,1.46103],[35.7186,1.4715],[35.72923,1.48146],[35.72828,1.4869],[35.75924,1.50785],[35.77507,1.55036],[35.78274,1.5598],[35.79316,1.62363],[35.77974,1.6301],[35.77635,1.64355],[35.79235,1.66426],[35.76241,1.67092],[35.72004,1.7071],[35.69788,1.70814],[35.66984,1.72432],[35.65681,1.73803],[35.62728,1.74711],[35.62656,1.74338],[35.61727,1.74504],[35.60182,1.75824],[35.58305,1.75138],[35.54218,1.76647],[35.5241,1.76817],[35.50992,1.76389],[35.5051,1.7754],[35.49105,1.7889],[35.48174,1.79089],[35.48138,1.79705],[35.47763,1.79557],[35.47699,1.80341],[35.46354,1.80817],[35.4693,1.81711],[35.46437,1.82114],[35.46855,1.83084],[35.46365,1.84233],[35.4497,1.84505],[35.44918,1.85006],[35.44166,1.8519],[35.36503,1.92894],[35.37186,1.94378],[35.37917,1.94801],[35.37337,1.96619],[35.37494,1.99218],[35.3658,2.03621],[35.32486,2.16679],[35.29804,2.27069],[35.27114,2.31973],[35.26126,2.33168],[35.23213,2.35122],[35.23664,2.37859],[35.22332,2.41205],[35.2317,2.44139],[35.22257,2.46227],[35.22027,2.48749],[35.22493,2.52992],[35.17439,2.63681],[35.16054,2.64824],[35.13235,2.64892],[35.10484,2.55476],[35.11034,2.52895],[35.10749,2.50515],[35.09335,2.47856],[35.06916,2.4627],[35.0316,2.53724],[35.02663,2.5644],[35.01614,2.56765],[35.00869,2.55071],[34.99701,2.47866],[35.02213,2.44333],[35.0214,2.43379],[35.00871,2.42473],[35.01168,2.40359],[34.97118,2.43649],[34.94082,2.45311],[34.94278,2.45547]]]]}},{"type":"Feature","id":25,"properties":{"code":25,"slug":"samburu","name":"Samburu"},"geometry":{"type":"MultiPolygon","coordinates":[[[[36.39206,0.91877],[36.39629,0.90449],[36.40239,0.90048],[36.41737,0.90222],[36.42888,0.88456],[36.44448,0.8716],[36.46032,0.86986],[36.48719,0.84998],[36.48241,0.8135],[36.66951,0.81331],[36.68724,0.81746],[36.70841,0.81436],[36.73468,0.82504],[36.75614,0.8584],[36.79335,0.8694],[36.81561,0.85594],[36.83405,0.80043],[36.84385,0.79486],[36.84088,0.79001],[36.86581,0.73765],[36.87767,0.73805],[36.88107,0.73322],[36.90271,0.74033],[36.90844,0.73748],[36.91041,0.7285],[36.91672,0.72931],[36.91988,0.73809],[36.9314,0.74295],[36.93465,0.7542],[36.94807,0.744],[36.96629,0.74213],[36.97396,0.747],[36.98059,0.74453],[37.00872,0.75164],[37.05788,0.77222],[37.0695,0.76578],[37.07237,0.77913],[37.10306,0.78756],[37.10997,0.78081],[37.11752,0.7834],[37.12437,0.77806],[37.13659,0.75946],[37.15174,0.76092],[37.1524,0.75299],[37.16194,0.75164],[37.16857,0.74267],[37.20219,0.74652],[37.2062,0.74153],[37.21994,0.73944],[37.24686,0.763],[37.25649,0.76417],[37.27502,0.74381],[37.28917,0.73645],[37.30025,0.72086],[37.3317,0.65031],[37.34266,0.64578],[37.35264,0.62233],[37.35421,0.60025],[37.36349,0.59933],[37.36494,0.58695],[37.37449,0.5876],[37.39117,0.5766],[37.42801,0.58318],[37.44703,0.5804],[37.47029,0.59334],[37.47783,0.5881],[37.49168,0.58885],[37.49152,0.57672],[37.51428,0.56809],[37.5241,0.57034],[37.53272,0.56537],[37.54578,0.57817],[37.55739,0.571],[37.58128,0.57288],[37.58354,0.58843],[37.60585,0.59153],[37.61871,0.60009],[37.63329,0.59747],[37.64187,0.61266],[37.63743,0.61477],[37.63858,0.62144],[37.65044,0.63219],[37.66508,0.63276],[37.68116,0.64258],[37.69067,0.66309],[37.70907,0.66724],[37.72383,0.65471],[37.74665,0.67618],[37.75783,0.67261],[37.77394,0.67797],[37.7896,0.67216],[37.8321,0.67976],[37.84462,0.68961],[37.84238,0.70347],[37.84641,0.71153],[37.87505,0.73032],[37.87236,0.73569],[37.87683,0.74419],[37.88847,0.73882],[37.91262,0.71197],[37.93633,0.73032],[37.94036,0.73882],[37.95826,0.75134],[37.97168,0.75447],[37.98018,0.76969],[38.0097,0.7925],[38.00747,0.80011],[38.01149,0.80369],[38.01596,0.80234],[38.01552,0.79698],[38.02402,0.79698],[38.04996,0.77863],[38.08092,0.78144],[38.04751,0.80496],[38.03084,1.08514],[37.94816,1.19432],[37.94529,1.26288],[37.95062,1.38696],[37.85212,1.45906],[37.84266,1.4258],[37.82587,1.42084],[37.81698,1.42292],[37.79358,1.41413],[37.78209,1.41963],[37.77295,1.40973],[37.76842,1.41396],[37.7476,1.41334],[37.73673,1.4074],[37.70999,1.40723],[37.68364,1.39896],[37.67393,1.40313],[37.65731,1.39525],[37.65292,1.40088],[37.62974,1.38373],[37.6226,1.38369],[37.62146,1.37694],[37.60669,1.37615],[37.59805,1.39155],[37.58745,1.36824],[37.57943,1.36528],[37.58214,1.37084],[37.57711,1.37992],[37.5578,1.39621],[37.4692,1.55429],[37.44299,1.58737],[37.35055,1.74214],[37.30611,1.76545],[37.26598,1.87876],[37.24448,1.88268],[37.2321,1.90022],[37.19086,1.93042],[37.17953,1.95918],[37.09668,1.98325],[37.00716,1.9851],[36.95001,2.02511],[36.92437,2.01671],[36.91576,2.01802],[36.92102,2.0583],[36.91999,2.09953],[36.91275,2.10003],[36.91529,2.12565],[36.90303,2.15667],[36.89694,2.19173],[36.86579,2.25385],[36.84352,2.27476],[36.754,2.51656],[36.71409,2.50851],[36.69972,2.51237],[36.70337,2.47904],[36.69747,2.46622],[36.6986,2.45512],[36.68435,2.45793],[36.67112,2.44546],[36.65625,2.41983],[36.64689,2.41342],[36.6435,2.41828],[36.63791,2.39183],[36.63922,2.41098],[36.63394,2.40533],[36.63027,2.4129],[36.62212,2.41547],[36.619,2.39981],[36.60889,2.39656],[36.60089,2.40574],[36.60096,2.36001],[36.72371,2.30097],[36.72282,2.27501],[36.70657,2.26194],[36.71376,2.24782],[36.7091,2.23767],[36.71131,2.22439],[36.69988,2.21827],[36.70078,2.19884],[36.68176,2.19337],[36.6362,2.1639],[36.60991,2.15614],[36.60966,2.16259],[36.59448,2.14651],[36.58689,2.14561],[36.57911,2.1208],[36.56354,2.10381],[36.56811,2.05801],[36.55566,2.04884],[36.54925,2.03148],[36.54485,2.0305],[36.54612,2.0071],[36.54019,2.00674],[36.53913,2.00191],[36.54196,1.98886],[36.53773,1.97117],[36.5295,1.96395],[36.52652,1.95349],[36.53623,1.9637],[36.53598,1.93156],[36.53947,1.92658],[36.53399,1.90665],[36.53648,1.89867],[36.52402,1.8922],[36.52328,1.88323],[36.51157,1.8765],[36.51207,1.84959],[36.51804,1.85308],[36.52303,1.84635],[36.51754,1.83539],[36.52153,1.8319],[36.51929,1.82493],[36.51132,1.82592],[36.51356,1.81596],[36.51929,1.80599],[36.5295,1.80524],[36.52552,1.79179],[36.51854,1.79129],[36.52228,1.78606],[36.51954,1.77859],[36.51356,1.77684],[36.5178,1.77335],[36.51655,1.76513],[36.50758,1.77136],[36.51505,1.76065],[36.51331,1.75616],[36.52153,1.76663],[36.52527,1.75492],[36.51381,1.74844],[36.51904,1.74595],[36.51854,1.74097],[36.50559,1.73125],[36.50484,1.72153],[36.49936,1.71755],[36.50085,1.70858],[36.48416,1.70285],[36.4854,1.68292],[36.47793,1.67743],[36.47893,1.66846],[36.46996,1.65825],[36.47046,1.6433],[36.46199,1.62237],[36.46547,1.61465],[36.44031,1.61565],[36.43109,1.59796],[36.43134,1.5845],[36.40992,1.56108],[36.39347,1.52272],[36.385,1.52272],[36.37205,1.54788],[36.3693,1.56358],[36.37479,1.58475],[36.36681,1.59572],[36.35785,1.58774],[36.36009,1.57205],[36.3409,1.5708],[36.3399,1.57803],[36.29979,1.54215],[36.29606,1.53318],[36.29382,1.50204],[36.29755,1.48833],[36.28659,1.4699],[36.28858,1.46392],[36.31823,1.4699],[36.34788,1.43875],[36.35585,1.43601],[36.38948,1.44498],[36.41714,1.41758],[36.42686,1.41509],[36.4276,1.40811],[36.44729,1.4121],[36.45501,1.39814],[36.46099,1.40338],[36.46647,1.39864],[36.45825,1.36875],[36.42237,1.34782],[36.42113,1.33685],[36.40568,1.31892],[36.39048,1.31294],[36.40194,1.3082],[36.40344,1.30048],[36.41938,1.2945],[36.43259,1.30422],[36.43782,1.30272],[36.43558,1.28952],[36.45078,1.27258],[36.45351,1.26161],[36.45351,1.25439],[36.44629,1.25115],[36.43857,1.26136],[36.40817,1.27905],[36.40419,1.27258],[36.39497,1.27681],[36.39596,1.26959],[36.39098,1.26959],[36.38774,1.26336],[36.40393,1.2514],[36.4134,1.25962],[36.4134,1.24667],[36.42163,1.2367],[36.41814,1.22698],[36.41415,1.22648],[36.41241,1.23246],[36.39397,1.22001],[36.39641,1.19398],[36.38699,1.18662],[36.39148,1.18438],[36.39223,1.17317],[36.41864,1.18662],[36.4423,1.17292],[36.43333,1.14153],[36.4448,1.11337],[36.43732,1.08647],[36.44405,1.07326],[36.44156,1.04287],[36.45351,1.01471],[36.45315,0.99747],[36.45859,0.9967],[36.45937,0.97845],[36.44849,0.98039],[36.44578,0.9998],[36.43956,1.00252],[36.44539,0.98427],[36.44267,0.97107],[36.41782,0.93691],[36.39206,0.91877]]]]}},{"type":"Feature","id":26,"properties":{"code":26,"slug":"trans-nzoia","name":"Trans Nzoia"},"geometry":{"type":"MultiPolygon","coordinates":[[[[34.82229,1.26259],[34.81128,1.2369],[34.79435,1.21955],[34.77513,1.22084],[34.76814,1.21651],[34.74466,1.22042],[34.67125,1.208],[34.6636,1.19164],[34.63845,1.17202],[34.58077,1.15033],[34.61396,1.10839],[34.63277,1.09431],[34.66391,1.08385],[34.65354,1.05837],[34.73859,0.93728],[34.76777,0.92026],[34.78456,0.92334],[34.79796,0.91002],[34.79917,0.90368],[34.78558,0.88865],[34.81136,0.82005],[34.80832,0.80429],[34.86886,0.82564],[34.9271,0.85436],[34.93215,0.85252],[34.94159,0.86987],[34.9584,0.87212],[34.96474,0.87929],[34.98555,0.88646],[34.98497,0.88162],[35.01771,0.88754],[35.02372,0.8944],[35.03748,0.89634],[35.03864,0.90061],[35.07645,0.89571],[35.08575,0.87972],[35.10189,0.87311],[35.11609,0.88398],[35.11196,0.89224],[35.1154,0.90551],[35.12594,0.91165],[35.1282,0.91872],[35.15453,0.91661],[35.16526,0.92194],[35.17216,0.91932],[35.19028,0.92412],[35.22187,0.91861],[35.25387,0.93971],[35.26876,0.9341],[35.27762,0.92035],[35.29258,0.91406],[35.30508,0.89032],[35.32944,0.93155],[35.34888,0.91976],[35.35963,0.94435],[35.34345,0.94638],[35.3397,0.96256],[35.34271,0.96561],[35.33602,0.96721],[35.35126,0.97875],[35.3416,1.00586],[35.35889,1.00861],[35.35941,1.01839],[35.31643,1.03333],[35.27514,1.06048],[35.24252,1.07454],[35.2188,1.1161],[35.20242,1.11739],[35.16018,1.18046],[35.15214,1.19937],[35.12425,1.18378],[35.117,1.18804],[35.08704,1.18332],[35.08308,1.1692],[35.04169,1.19446],[35.03525,1.20379],[35.04445,1.21541],[35.02299,1.23517],[35.01207,1.25424],[34.9931,1.25765],[34.97197,1.24625],[34.90607,1.25208],[34.91066,1.2842],[34.82229,1.26259]]]]}},{"type":"Feature","id":27,"properties":{"code":27,"slug":"uasin-gishu","name":"Uasin Gishu"},"geometry":{"type":"MultiPolygon","coordinates":[[[[35.58744,0.1695],[35.57528,0.18438],[35.56715,0.18696],[35.56655,0.19701],[35.55523,0.18942],[35.51173,0.18877],[35.53964,0.22581],[35.52732,0.23105],[35.50509,0.2249],[35.48526,0.2509],[35.49464,0.2582],[35.49112,0.26365],[35.49936,0.27745],[35.49989,0.30614],[35.49437,0.31312],[35.49603,0.34141],[35.48286,0.34983],[35.47965,0.35989],[35.4681,0.36935],[35.48149,0.38996],[35.47852,0.41074],[35.46212,0.42887],[35.46064,0.4499],[35.46344,0.50578],[35.47984,0.58898],[35.40852,0.7038],[35.50246,0.70269],[35.50317,0.7107],[35.49202,0.72657],[35.49915,0.7606],[35.50403,0.76609],[35.49729,0.81819],[35.48048,0.8196],[35.49123,0.85283],[35.48698,0.87583],[35.4551,0.87487],[35.46779,0.8997],[35.41383,0.90724],[35.41828,0.93748],[35.38496,0.94358],[35.37798,0.93534],[35.35963,0.94435],[35.34888,0.91976],[35.32944,0.93155],[35.30508,0.89032],[35.29258,0.91406],[35.27762,0.92035],[35.26876,0.9341],[35.25387,0.93971],[35.22187,0.91861],[35.19028,0.92412],[35.17216,0.91932],[35.16526,0.92194],[35.15453,0.91661],[35.12751,0.91848],[35.12594,0.91165],[35.11559,0.90594],[35.11196,0.89224],[35.11625,0.88481],[35.112,0.87981],[35.11136,0.85459],[35.12395,0.81951],[35.12438,0.8265],[35.12984,0.82916],[35.14539,0.82646],[35.14687,0.73944],[35.15391,0.73974],[35.15292,0.67376],[35.14933,0.66635],[35.15402,0.66113],[35.14019,0.66081],[35.12209,0.6528],[35.11246,0.64062],[35.10295,0.64679],[35.08524,0.62946],[35.0698,0.62868],[35.06354,0.63287],[35.05266,0.62995],[35.05345,0.63703],[35.03722,0.64145],[35.03885,0.63077],[35.02704,0.61383],[34.99783,0.63591],[34.99434,0.6298],[34.97655,0.62445],[34.9645,0.60952],[34.94395,0.6069],[34.92003,0.59142],[34.88889,0.60555],[34.89603,0.59915],[34.8503,0.54573],[35.0444,0.56148],[35.09867,0.53909],[35.1054,0.55457],[35.11549,0.54491],[35.1273,0.54355],[35.13955,0.53469],[35.15623,0.53831],[35.16523,0.54617],[35.15985,0.50421],[35.13925,0.47168],[35.17555,0.41917],[35.19322,0.37763],[35.22339,0.32754],[35.30319,0.21127],[35.34,0.19382],[35.33589,0.14309],[35.37082,0.12724],[35.386,0.10185],[35.40132,0.10796],[35.43483,0.02547],[35.46517,0.02735],[35.47063,0.01986],[35.45791,0.01502],[35.45914,0.01063],[35.47873,0.01536],[35.51357,0.00855],[35.51604,0.01586],[35.5228,0.01541],[35.52645,0.04684],[35.54123,0.04761],[35.53788,0.0585],[35.5447,0.0723],[35.53935,0.08007],[35.54071,0.08991],[35.57274,0.06727],[35.57388,0.11393],[35.58963,0.14907],[35.58744,0.1695]]]]}},{"type":"Feature","id":28,"properties":{"code":28,"slug":"elgeyo-marakwet","name":"Elgeyo-Marakwet"},"geometry":{"type":"MultiPolygon","coordinates":[[[[35.15214,1.19937],[35.16018,1.18046],[35.20242,1.11739],[35.2188,1.1161],[35.24252,1.07454],[35.27514,1.06048],[35.31643,1.03333],[35.35941,1.01839],[35.35889,1.00861],[35.3416,1.00586],[35.35126,0.97875],[35.33602,0.96721],[35.34271,0.96561],[35.3397,0.96256],[35.34345,0.94638],[35.37798,0.93534],[35.38496,0.94358],[35.41828,0.93748],[35.41383,0.90724],[35.46779,0.8997],[35.4551,0.87487],[35.48704,0.87569],[35.49123,0.85283],[35.48048,0.8196],[35.49729,0.81819],[35.50403,0.76609],[35.49915,0.7606],[35.49202,0.72657],[35.50317,0.7107],[35.50246,0.70269],[35.40852,0.7038],[35.47984,0.58898],[35.46344,0.50578],[35.46064,0.4499],[35.46212,0.42887],[35.47852,0.41074],[35.48149,0.38996],[35.4681,0.36935],[35.47965,0.35989],[35.48286,0.34983],[35.49603,0.34141],[35.49437,0.31312],[35.49989,0.30614],[35.49936,0.27745],[35.49112,0.26365],[35.49464,0.2582],[35.48526,0.2509],[35.50509,0.2249],[35.52732,0.23105],[35.53976,0.22526],[35.51173,0.18877],[35.55523,0.18942],[35.56655,0.19701],[35.56715,0.18696],[35.57528,0.18438],[35.58558,0.16949],[35.69468,0.17001],[35.69133,0.18958],[35.72094,0.21292],[35.71935,0.2351],[35.7075,0.25922],[35.71431,0.30203],[35.71013,0.31131],[35.72167,0.35078],[35.69799,0.36888],[35.69572,0.36372],[35.68821,0.37093],[35.67934,0.37035],[35.66785,0.37864],[35.66617,0.38663],[35.65952,0.38633],[35.65405,0.3989],[35.65957,0.41588],[35.65252,0.42605],[35.65096,0.4469],[35.64474,0.45154],[35.64599,0.46085],[35.63153,0.48216],[35.63085,0.50304],[35.61294,0.5109],[35.61177,0.52465],[35.60223,0.53497],[35.60197,0.55674],[35.61243,0.57516],[35.61274,0.59229],[35.59791,0.60434],[35.59593,0.61374],[35.59682,0.62592],[35.6092,0.64624],[35.60536,0.6742],[35.62532,0.67974],[35.62381,0.68663],[35.62921,0.68759],[35.62729,0.69067],[35.6354,0.70167],[35.63075,0.72217],[35.62006,0.7393],[35.62565,0.74597],[35.63356,0.78582],[35.63743,0.78825],[35.63412,0.81041],[35.64272,0.8213],[35.63634,0.8264],[35.63614,0.83587],[35.64302,0.84086],[35.62569,0.85462],[35.62289,0.8688],[35.62577,0.90861],[35.63275,0.9106],[35.63643,0.91843],[35.63008,0.9528],[35.63649,0.96012],[35.63563,0.97847],[35.63962,0.98238],[35.63331,0.99363],[35.64447,1.01638],[35.64256,1.02523],[35.64804,1.02982],[35.65474,1.02845],[35.6709,1.04533],[35.66782,1.04934],[35.67514,1.06483],[35.67152,1.07428],[35.68513,1.09845],[35.69793,1.10493],[35.69991,1.12854],[35.70866,1.14943],[35.70288,1.15288],[35.70552,1.1776],[35.70202,1.19961],[35.69575,1.20348],[35.70313,1.22659],[35.6981,1.23842],[35.7028,1.24649],[35.69937,1.25836],[35.70629,1.27074],[35.69435,1.28334],[35.69595,1.31901],[35.63919,1.30319],[35.60802,1.28006],[35.58531,1.28316],[35.57579,1.29148],[35.54386,1.28514],[35.35561,1.13204],[35.32454,1.11645],[35.15214,1.19937]]]]}},{"type":"Feature","id":29,"properties":{"code":29,"slug":"nandi","name":"Nandi"},"geometry":{"type":"MultiPolygon","coordinates":[[[[34.8503,0.54573],[34.90627,0.50256],[34.90647,0.49286],[34.92331,0.4749],[34.95604,0.41502],[34.95403,0.36677],[34.94706,0.35422],[34.93529,0.35714],[34.9441,0.31553],[34.97722,0.24043],[34.95515,0.24105],[34.94146,0.20702],[34.92786,0.2073],[34.91594,0.17175],[34.92038,0.16602],[34.91501,0.15512],[34.8842,0.14336],[34.88188,0.13693],[34.85907,0.12075],[34.85931,0.08375],[34.84824,0.06908],[34.8491,0.06039],[34.83886,0.04643],[34.83751,0.03628],[34.81043,0.03685],[34.76241,-0.00356],[34.75739,0.00934],[34.7407,0.00579],[34.73918,-0.00258],[34.75057,-0.03305],[34.75501,-0.0332],[34.76326,-0.01747],[34.78098,-0.02139],[34.78727,-0.0071],[34.80345,0.0101],[34.80962,0.01098],[34.81869,0.02194],[34.83067,0.02391],[34.80369,-0.01285],[34.80905,-0.02284],[34.82666,-0.02845],[34.9212,-0.02681],[34.92372,-0.03668],[34.95517,-0.03097],[34.95284,-0.0269],[34.96465,-0.03232],[34.97878,-0.02458],[34.98981,-0.02477],[34.98942,-0.02013],[35.00684,-0.02961],[35.05,-0.03561],[35.06561,-0.06877],[35.07188,-0.05716],[35.09127,-0.04518],[35.0949,-0.03177],[35.10138,-0.02669],[35.1003,-0.00372],[35.15184,-0.03925],[35.16146,-0.03124],[35.19374,-0.02638],[35.20611,-0.02918],[35.22101,-0.03757],[35.22648,-0.06773],[35.22648,-0.10657],[35.28008,-0.09936],[35.30794,-0.08674],[35.34096,-0.10952],[35.37161,-0.11034],[35.40218,-0.08723],[35.424,-0.0782],[35.40369,-0.02447],[35.41351,0.00516],[35.43748,0.01878],[35.4038,0.10529],[35.39626,0.10901],[35.386,0.10185],[35.37082,0.12724],[35.33589,0.14309],[35.34,0.19382],[35.30319,0.21127],[35.22339,0.32754],[35.19322,0.37763],[35.17555,0.41917],[35.13925,0.47168],[35.15985,0.50421],[35.16523,0.54617],[35.15623,0.53831],[35.13955,0.53469],[35.1273,0.54355],[35.11549,0.54491],[35.1054,0.55457],[35.09867,0.53909],[35.0444,0.56148],[34.8503,0.54573]]]]}},{"type":"Feature","id":30,"properties":{"code":30,"slug":"baringo","name":"Baringo"},"geometry":{"type":"MultiPolygon","coordinates":[[[[35.79194,1.66362],[35.77635,1.64355],[35.77974,1.6301],[35.79316,1.62363],[35.78274,1.5598],[35.77507,1.55036],[35.7589,1.50735],[35.73753,1.4967],[35.71882,1.47221],[35.72258,1.45854],[35.70602,1.43887],[35.70453,1.42778],[35.70629,1.41531],[35.7106,1.41273],[35.70575,1.40571],[35.71091,1.40077],[35.70211,1.40033],[35.69826,1.38813],[35.70146,1.38448],[35.68715,1.35834],[35.68697,1.34683],[35.69122,1.3424],[35.68757,1.3412],[35.6946,1.33885],[35.69915,1.327],[35.69366,1.30475],[35.69762,1.30448],[35.69339,1.29741],[35.69435,1.28334],[35.70166,1.27176],[35.70624,1.27145],[35.69937,1.25836],[35.7028,1.24649],[35.6981,1.23842],[35.70313,1.22659],[35.69575,1.20348],[35.70202,1.19961],[35.70552,1.1776],[35.70288,1.15288],[35.70866,1.14943],[35.69991,1.12854],[35.69793,1.10493],[35.68513,1.09845],[35.67152,1.07428],[35.67514,1.06483],[35.66782,1.04934],[35.6709,1.04533],[35.65474,1.02845],[35.64804,1.02982],[35.64256,1.02523],[35.64447,1.01638],[35.63331,0.99363],[35.63962,0.98238],[35.63563,0.97847],[35.63649,0.96012],[35.63008,0.9528],[35.63643,0.91843],[35.63275,0.9106],[35.62577,0.90861],[35.62289,0.8688],[35.62569,0.85462],[35.64302,0.84086],[35.63614,0.83587],[35.63634,0.8264],[35.64272,0.8213],[35.63412,0.81041],[35.63743,0.78825],[35.63356,0.78582],[35.62565,0.74597],[35.62006,0.7393],[35.63075,0.72217],[35.6354,0.70167],[35.62729,0.69067],[35.62921,0.68759],[35.62381,0.68663],[35.62532,0.67974],[35.60536,0.6742],[35.6092,0.64624],[35.59682,0.62592],[35.59593,0.61374],[35.59791,0.60434],[35.61274,0.59229],[35.61243,0.57516],[35.60197,0.55674],[35.60223,0.53497],[35.61177,0.52465],[35.61294,0.5109],[35.63085,0.50304],[35.63153,0.48216],[35.64599,0.46085],[35.64474,0.45154],[35.65096,0.4469],[35.65252,0.42605],[35.65957,0.41588],[35.65405,0.3989],[35.65952,0.38633],[35.66617,0.38663],[35.66785,0.37864],[35.67934,0.37035],[35.68821,0.37093],[35.69572,0.36372],[35.69799,0.36888],[35.72161,0.35102],[35.71013,0.31131],[35.71431,0.30203],[35.7075,0.25922],[35.71935,0.2351],[35.72094,0.21292],[35.69133,0.18958],[35.69468,0.17001],[35.58744,0.1695],[35.58963,0.14907],[35.57388,0.11393],[35.57274,0.06727],[35.54071,0.08991],[35.53935,0.08007],[35.5447,0.0723],[35.53788,0.0585],[35.54123,0.04761],[35.52645,0.04684],[35.5228,0.01541],[35.54345,-0.00851],[35.58247,-0.00777],[35.61016,-0.03249],[35.63216,-0.0361],[35.63838,-0.05028],[35.63457,-0.05422],[35.64933,-0.0811],[35.6683,-0.07384],[35.68873,-0.07596],[35.68782,-0.09604],[35.69229,-0.10965],[35.70568,-0.12276],[35.72891,-0.16024],[35.72206,-0.17291],[35.72472,-0.21238],[35.73357,-0.22026],[35.74465,-0.21931],[35.75556,-0.22639],[35.76321,-0.22489],[35.78008,-0.19482],[35.7719,-0.19229],[35.78974,-0.16208],[35.78924,-0.11163],[35.8058,-0.10009],[35.82047,-0.1195],[35.87547,-0.03603],[35.89302,-0.05153],[35.89914,-0.04803],[35.91637,-0.08186],[35.92675,-0.07722],[35.92598,-0.07209],[35.9473,-0.05134],[35.95858,-0.03199],[35.97075,-0.00917],[35.97641,0.01514],[35.92814,0.06977],[35.93889,0.09546],[35.95942,0.08772],[35.96386,0.07817],[35.96367,0.05721],[35.99609,0.05993],[36.00527,0.03126],[36.03945,0.02115],[36.05036,0.00459],[36.09264,-0.01367],[36.11123,0.00612],[36.10427,0.06144],[36.12642,0.05937],[36.14705,0.18569],[36.19667,0.19926],[36.19461,0.21643],[36.18308,0.22024],[36.17754,0.22837],[36.20185,0.23466],[36.21499,0.25223],[36.18384,0.31439],[36.22939,0.42658],[36.29404,0.56533],[36.27568,0.63167],[36.28859,0.64465],[36.34459,0.65928],[36.40445,0.71719],[36.47331,0.8385],[36.48872,0.8468],[36.46032,0.86986],[36.44448,0.8716],[36.42888,0.88456],[36.41737,0.90222],[36.40209,0.90053],[36.39487,0.90566],[36.38565,0.92785],[36.38809,0.94795],[36.38163,0.95458],[36.36683,0.95589],[36.36241,0.96346],[36.35007,0.96613],[36.34037,0.99313],[36.31688,0.99126],[36.17396,1.17086],[36.09659,1.16941],[35.79194,1.66362]]]]}},{"type":"Feature","id":31,"properties":{"code":31,"slug":"laikipia","name":"Laikipia"},"geometry":{"type":"MultiPolygon","coordinates":[[[[36.48872,0.8468],[36.47331,0.8385],[36.40445,0.71719],[36.34459,0.65928],[36.28859,0.64465],[36.27568,0.63167],[36.29404,0.56533],[36.22939,0.42658],[36.18384,0.31439],[36.21499,0.25223],[36.20185,0.23466],[36.23565,0.2091],[36.27601,0.14812],[36.28371,0.12747],[36.28694,0.11147],[36.26941,0.08824],[36.25513,0.05615],[36.26503,0.02632],[36.25549,-0.02196],[36.26727,-0.02158],[36.27126,-0.0011],[36.29269,0.01193],[36.29352,0.00476],[36.29858,0.00524],[36.30254,0.01612],[36.34561,0.03101],[36.33643,0.06284],[36.34877,0.07051],[36.35439,0.06864],[36.36344,0.04853],[36.3848,0.03168],[36.38538,0.03725],[36.39249,0.0305],[36.39933,0.03288],[36.39888,0.0401],[36.41351,0.03961],[36.42394,0.04599],[36.40073,0.05964],[36.42313,0.08542],[36.44108,0.09152],[36.46245,0.1403],[36.51044,0.08513],[36.52135,0.04869],[36.57384,0.07078],[36.58825,0.04406],[36.5891,0.02782],[36.59919,0.00337],[36.63464,0.01618],[36.64949,-0.01692],[36.57976,-0.02228],[36.54458,-0.06837],[36.55741,-0.08073],[36.55216,-0.09147],[36.57317,-0.10518],[36.63291,-0.10874],[36.6538,-0.15419],[36.7108,-0.13674],[36.71593,-0.12956],[36.75219,-0.12084],[36.76319,-0.10932],[36.76494,-0.11475],[36.79067,-0.10675],[36.82906,-0.1036],[36.82901,-0.13569],[36.85957,-0.14349],[36.85659,-0.15494],[36.86912,-0.17776],[36.85011,-0.19763],[36.83759,-0.19774],[36.85474,-0.2543],[36.86884,-0.24904],[36.87778,-0.26029],[36.96122,-0.28472],[36.98541,-0.29619],[36.9958,-0.27131],[36.98813,-0.25568],[37.00117,-0.24876],[37.0116,-0.2318],[37.00703,-0.2212],[37.0168,-0.1808],[37.00443,-0.17679],[37.00671,-0.15029],[36.99382,-0.1457],[36.9836,-0.13499],[36.97699,-0.07082],[37.02436,-0.0491],[37.0515,-0.00994],[37.06323,0.00188],[37.07114,0.0009],[37.07686,0.00981],[37.07653,-0.00269],[37.1237,-0.05447],[37.1315,-0.02983],[37.1103,-0.01291],[37.10324,0.00651],[37.0881,0.02264],[37.11064,0.03914],[37.13972,0.04072],[37.15368,0.05125],[37.18876,0.059],[37.223,0.07672],[37.23354,0.08367],[37.23505,0.10246],[37.24803,0.10509],[37.2534,0.09809],[37.279,0.12824],[37.28079,0.15242],[37.3072,0.17972],[37.33809,0.1842],[37.33361,0.19226],[37.34857,0.1963],[37.3481,0.20732],[37.36695,0.2465],[37.35975,0.2537],[37.37246,0.26271],[37.37461,0.2712],[37.38583,0.27442],[37.38823,0.28565],[37.39404,0.28945],[37.3919,0.35313],[37.37812,0.36368],[37.37934,0.37689],[37.37004,0.38196],[37.36253,0.40735],[37.3541,0.41108],[37.34828,0.43949],[37.34888,0.45582],[37.35989,0.47397],[37.3595,0.5002],[37.36905,0.51155],[36.86437,0.56575],[36.86705,0.59695],[36.88359,0.61312],[36.88806,0.60962],[36.89017,0.62313],[36.89351,0.62199],[36.89762,0.63073],[36.90961,0.63271],[36.9134,0.66126],[36.92134,0.66061],[36.92375,0.66532],[36.92726,0.7289],[36.93192,0.74291],[36.91988,0.73809],[36.91398,0.72856],[36.90324,0.74024],[36.88655,0.73337],[36.86581,0.73765],[36.84088,0.79001],[36.84385,0.79486],[36.83405,0.80043],[36.81561,0.85594],[36.79335,0.8694],[36.75614,0.8584],[36.73468,0.82504],[36.70841,0.81436],[36.68724,0.81746],[36.66951,0.81331],[36.48241,0.8135],[36.48872,0.8468]]]]}},{"type":"Feature","id":32,"properties":{"code":32,"slug":"nakuru","name":"Nakuru"},"geometry":{"type":"MultiPolygon","coordinates":[[[[35.64015,-0.06097],[35.6238,-0.08096],[35.61497,-0.08439],[35.61441,-0.09143],[35.62292,-0.10301],[35.60372,-0.12299],[35.59861,-0.12263],[35.59689,-0.12898],[35.59971,-0.14711],[35.60976,-0.15897],[35.62398,-0.15064],[35.63895,-0.15061],[35.64682,-0.15156],[35.65374,-0.16494],[35.66954,-0.16319],[35.6646,-0.18566],[35.67251,-0.18892],[35.66277,-0.19419],[35.6604,-0.20496],[35.65472,-0.20661],[35.65656,-0.23611],[35.65173,-0.25769],[35.64543,-0.27132],[35.63117,-0.27561],[35.63023,-0.28777],[35.61956,-0.29389],[35.61053,-0.28875],[35.60369,-0.29358],[35.60074,-0.28321],[35.59131,-0.27753],[35.5801,-0.30801],[35.56821,-0.30341],[35.57147,-0.28222],[35.52813,-0.25961],[35.52459,-0.27011],[35.50274,-0.26909],[35.46929,-0.27775],[35.41247,-0.30244],[35.58685,-0.58844],[35.6008,-0.67155],[35.62672,-0.68418],[35.64526,-0.70245],[35.65216,-0.68603],[35.66322,-0.68079],[35.6679,-0.66371],[35.68027,-0.65223],[35.69088,-0.60013],[35.70942,-0.57776],[35.70872,-0.55392],[35.71621,-0.55315],[35.7375,-0.53103],[35.77118,-0.53685],[35.79924,-0.456],[35.81073,-0.45753],[35.81371,-0.47658],[35.83515,-0.46658],[35.83807,-0.47257],[35.83033,-0.49451],[35.88815,-0.52691],[35.90305,-0.54739],[35.94349,-0.5552],[35.98143,-0.63034],[35.94932,-0.66567],[35.91482,-0.63519],[35.87558,-0.63709],[35.87893,-0.64346],[35.87611,-0.65049],[35.89128,-0.64963],[35.92941,-0.69656],[35.92883,-0.70556],[35.94588,-0.71431],[36.0111,-0.66348],[36.02862,-0.67887],[36.09748,-0.63959],[36.10026,-0.67594],[36.14186,-0.71212],[36.153,-0.71452],[36.16062,-0.74481],[36.19174,-0.76608],[36.18179,-0.77891],[36.18985,-0.7853],[36.18711,-0.80468],[36.15706,-0.83699],[36.16877,-0.87231],[36.18894,-0.90829],[36.1846,-0.91549],[36.19319,-0.91563],[36.2035,-0.93348],[36.26252,-0.91319],[36.33392,-1.04937],[36.48927,-1.12253],[36.53373,-1.15591],[36.54166,-1.127],[36.56385,-1.10011],[36.56695,-1.1015],[36.58827,-1.06338],[36.58425,-1.04438],[36.59541,-0.9917],[36.59403,-0.98341],[36.58492,-0.97927],[36.57994,-0.94806],[36.57249,-0.94226],[36.57801,-0.92928],[36.56834,-0.92155],[36.56116,-0.92431],[36.55285,-0.92],[36.54292,-0.90822],[36.55037,-0.86872],[36.54836,-0.85011],[36.55809,-0.83781],[36.53141,-0.74588],[36.51697,-0.71132],[36.5397,-0.69645],[36.5179,-0.65306],[36.52493,-0.64904],[36.52208,-0.63692],[36.51384,-0.63105],[36.51716,-0.6239],[36.51062,-0.62056],[36.50991,-0.60958],[36.50092,-0.62376],[36.46477,-0.63073],[36.44977,-0.61306],[36.44637,-0.5712],[36.40804,-0.57921],[36.40018,-0.57274],[36.40437,-0.5526],[36.39721,-0.5316],[36.40292,-0.52417],[36.39821,-0.51636],[36.39978,-0.50618],[36.39338,-0.49957],[36.39314,-0.47371],[36.3846,-0.46323],[36.38701,-0.44204],[36.38354,-0.42735],[36.37779,-0.42307],[36.3768,-0.40559],[36.36427,-0.39653],[36.35884,-0.37971],[36.33182,-0.3928],[36.31015,-0.39071],[36.30745,-0.37187],[36.29006,-0.37843],[36.27316,-0.39489],[36.26131,-0.34408],[36.24768,-0.34712],[36.22928,-0.34351],[36.22247,-0.35658],[36.20864,-0.27429],[36.24397,-0.25784],[36.22115,-0.21296],[36.21632,-0.21449],[36.20996,-0.20527],[36.19844,-0.14009],[36.21972,-0.10902],[36.22609,-0.11135],[36.22609,-0.11895],[36.24446,-0.12117],[36.25,-0.08964],[36.2464,-0.05441],[36.25074,-0.05043],[36.26503,0.02632],[36.25513,0.05615],[36.26941,0.08824],[36.28694,0.11147],[36.27601,0.14812],[36.23565,0.2091],[36.20185,0.23466],[36.17754,0.22837],[36.18308,0.22024],[36.19461,0.21643],[36.19667,0.19926],[36.14705,0.18569],[36.12642,0.05937],[36.10427,0.06144],[36.11123,0.00612],[36.09264,-0.01367],[36.05036,0.00459],[36.03945,0.02115],[36.00527,0.03126],[35.99609,0.05993],[35.96367,0.05721],[35.96386,0.07817],[35.95942,0.08772],[35.93889,0.09546],[35.92814,0.06977],[35.97423,0.02073],[35.97651,0.01311],[35.96766,-0.01593],[35.9477,-0.05085],[35.92598,-0.07209],[35.92635,-0.07755],[35.91637,-0.08186],[35.89914,-0.04803],[35.89302,-0.05153],[35.87547,-0.03603],[35.82047,-0.1195],[35.8058,-0.10009],[35.78924,-0.11163],[35.78974,-0.16208],[35.7719,-0.19229],[35.78008,-0.19482],[35.76321,-0.22489],[35.73397,-0.22041],[35.72472,-0.21238],[35.72206,-0.17291],[35.72891,-0.16024],[35.70568,-0.12276],[35.69229,-0.10965],[35.68782,-0.09604],[35.68873,-0.07596],[35.6683,-0.07384],[35.64933,-0.0811],[35.64015,-0.06097]]]]}},{"type":"Feature","id":33,"properties":{"code":33,"slug":"narok","name":"Narok"},"geometry":{"type":"MultiPolygon","coordinates":[[[[35.58665,-0.58811],[35.39608,-0.64488],[35.42565,-0.72124],[35.52985,-0.80488],[35.50711,-0.82408],[35.48542,-0.83115],[35.4774,-0.84063],[35.47497,-0.85593],[35.46688,-0.86414],[35.45967,-0.86461],[35.46027,-0.87407],[35.4544,-0.87829],[35.45421,-0.88507],[35.4449,-0.88364],[35.43732,-0.88885],[35.43862,-0.89577],[35.42956,-0.89569],[35.42911,-0.90394],[35.42294,-0.90553],[35.42664,-0.91763],[35.42202,-0.91946],[35.42417,-0.93353],[35.41916,-0.94709],[35.40172,-0.94931],[35.39658,-0.95812],[35.37645,-0.96082],[35.36445,-0.97627],[35.35318,-0.96602],[35.34867,-0.97878],[35.34415,-0.97183],[35.33786,-0.97891],[35.33174,-0.97625],[35.32816,-0.98103],[35.33098,-0.98512],[35.31382,-0.99113],[35.30892,-1.00133],[35.3014,-1.00129],[35.27193,-1.01804],[35.27231,-1.02143],[35.26283,-1.01954],[35.25955,-1.02717],[35.25012,-1.02855],[35.24867,-1.03359],[35.23972,-1.033],[35.08222,-0.9055],[35.01296,-0.88946],[34.67593,-0.97319],[34.6474,-0.9659],[34.59033,-1.01769],[34.59473,-1.04546],[34.61694,-1.07252],[34.61396,-1.08569],[34.62844,-1.11924],[34.63467,-1.14868],[34.63219,-1.15935],[34.65428,-1.17407],[34.65319,-1.18425],[34.67123,-1.19644],[34.6732,-1.20802],[34.68863,-1.21055],[34.73057,-1.38903],[36.00021,-2.10441],[36.00021,-2.08307],[36.02817,-2.08295],[36.02817,-2.0397],[36.03764,-2.0067],[36.03731,-1.97202],[36.04161,-1.96023],[36.0379,-1.94928],[36.04313,-1.93873],[36.03399,-1.9166],[36.044,-1.90909],[36.02692,-1.89033],[36.03745,-1.89048],[36.03799,-1.87718],[36.0447,-1.87766],[36.05025,-1.85744],[36.04904,-1.84223],[36.04247,-1.8349],[36.03985,-1.82167],[36.02936,-1.82529],[36.02934,-1.80977],[36.01638,-1.80404],[36.03133,-1.78619],[36.03166,-1.78035],[36.0216,-1.77607],[36.03191,-1.76792],[36.03572,-1.74382],[36.04168,-1.73995],[36.04105,-1.73251],[36.04704,-1.73497],[36.04973,-1.7296],[36.04761,-1.71953],[36.03811,-1.7102],[36.04487,-1.71091],[36.0476,-1.7056],[36.05636,-1.71157],[36.05762,-1.7029],[36.06462,-1.69883],[36.04728,-1.64948],[36.05221,-1.64685],[36.05561,-1.61847],[36.06334,-1.61686],[36.0625,-1.61076],[36.07256,-1.5935],[36.07872,-1.59485],[36.08525,-1.57424],[36.08364,-1.56065],[36.05203,-1.49089],[36.34618,-1.17568],[36.33392,-1.04937],[36.26252,-0.91319],[36.2035,-0.93348],[36.19319,-0.91563],[36.1846,-0.91549],[36.18894,-0.90829],[36.16877,-0.87231],[36.15706,-0.83699],[36.18711,-0.80468],[36.18985,-0.7853],[36.18179,-0.77891],[36.19174,-0.76608],[36.16062,-0.74481],[36.153,-0.71452],[36.14186,-0.71212],[36.10026,-0.67594],[36.09748,-0.63959],[36.02862,-0.67887],[36.0111,-0.66348],[35.94588,-0.71431],[35.92883,-0.70556],[35.92941,-0.69656],[35.89128,-0.64963],[35.87611,-0.65049],[35.87893,-0.64346],[35.87558,-0.63709],[35.91482,-0.63519],[35.94932,-0.66567],[35.98143,-0.63034],[35.94349,-0.5552],[35.90305,-0.54739],[35.88815,-0.52691],[35.83033,-0.49451],[35.83807,-0.47257],[35.83515,-0.46658],[35.81371,-0.47658],[35.81073,-0.45753],[35.79924,-0.456],[35.77118,-0.53685],[35.7375,-0.53103],[35.71621,-0.55315],[35.70872,-0.55392],[35.70942,-0.57776],[35.69088,-0.60013],[35.68027,-0.65223],[35.6679,-0.66371],[35.66322,-0.68079],[35.65216,-0.68603],[35.64507,-0.70259],[35.62672,-0.68418],[35.6008,-0.67155],[35.58665,-0.58811]]]]}},{"type":"Feature","id":34,"properties":{"code":34,"slug":"kajiado","name":"Kajiado"},"geometry":{"type":"MultiPolygon","coordinates":[[[[36.33392,-1.04937],[36.34618,-1.17568],[36.05203,-1.49089],[36.08364,-1.56065],[36.08525,-1.57424],[36.07872,-1.59485],[36.07256,-1.5935],[36.0625,-1.61076],[36.06334,-1.61686],[36.05561,-1.61847],[36.05221,-1.64685],[36.04728,-1.64948],[36.06462,-1.69883],[36.05762,-1.7029],[36.05636,-1.71157],[36.0476,-1.7056],[36.04487,-1.71091],[36.03811,-1.7102],[36.04761,-1.71953],[36.04973,-1.7296],[36.04704,-1.73497],[36.04105,-1.73251],[36.04168,-1.73995],[36.03572,-1.74382],[36.03191,-1.76792],[36.0216,-1.77607],[36.03166,-1.78035],[36.03133,-1.78619],[36.01638,-1.80404],[36.02934,-1.80977],[36.02936,-1.82529],[36.03985,-1.82167],[36.04247,-1.8349],[36.04904,-1.84223],[36.05025,-1.85744],[36.0447,-1.87766],[36.03799,-1.87718],[36.03745,-1.89048],[36.02692,-1.89033],[36.044,-1.90909],[36.03399,-1.9166],[36.04313,-1.93873],[36.0379,-1.94928],[36.04161,-1.96023],[36.03731,-1.97202],[36.03764,-2.0067],[36.02817,-2.0397],[36.02817,-2.08295],[36.00021,-2.08307],[36.00021,-2.10441],[37.52025,-2.95613],[37.67139,-3.05868],[37.69059,-3.17889],[37.79353,-3.1723],[37.80451,-3.1658],[37.82218,-3.17363],[37.83275,-3.18542],[37.84777,-3.18241],[37.85297,-3.17773],[37.85415,-3.07854],[37.87077,-3.07744],[37.89512,-2.88588],[37.91831,-2.86848],[37.9394,-2.77698],[37.92788,-2.76047],[37.9243,-2.74094],[37.93035,-2.72361],[37.92155,-2.70435],[37.90091,-2.70242],[37.89074,-2.67353],[37.87808,-2.65923],[37.84947,-2.60393],[37.59734,-2.31091],[37.60583,-2.30801],[37.61199,-2.29707],[37.61686,-2.29622],[37.62267,-2.30425],[37.63091,-2.30028],[37.63089,-2.29453],[37.64499,-2.29874],[37.65379,-2.2872],[37.66886,-2.28728],[37.66687,-2.28016],[37.67118,-2.27901],[37.67757,-2.26303],[37.67423,-2.22819],[37.68418,-2.22302],[37.70346,-2.1961],[37.7133,-2.1903],[37.7239,-2.19146],[37.72318,-2.18722],[37.70695,-2.18043],[37.69836,-2.16358],[37.66434,-2.15416],[37.62128,-2.16035],[37.59395,-2.15276],[37.56372,-2.12549],[37.54922,-2.12622],[37.54153,-2.12164],[37.54331,-2.11383],[37.53517,-2.10569],[37.45196,-2.07379],[37.36049,-2.01277],[37.31409,-2.00814],[37.30907,-2.00357],[37.29925,-2.0058],[37.28037,-1.99484],[37.27551,-1.9762],[37.26432,-1.95857],[37.2462,-1.94991],[37.23586,-1.93677],[37.18616,-1.93449],[37.18226,-1.92358],[37.17032,-1.91732],[37.15209,-1.88806],[37.15934,-1.88295],[37.1616,-1.85711],[37.1542,-1.84455],[37.14187,-1.83916],[37.14806,-1.83206],[37.14283,-1.82796],[37.14539,-1.819],[37.14127,-1.81276],[37.15169,-1.80055],[37.15078,-1.79327],[37.16014,-1.77943],[37.15133,-1.77636],[37.15738,-1.76481],[37.14615,-1.75361],[37.14862,-1.73896],[37.14313,-1.73629],[37.13417,-1.74306],[37.11086,-1.73397],[36.97947,-1.55779],[36.96271,-1.54925],[36.95818,-1.54115],[36.9618,-1.51442],[36.97278,-1.50068],[36.96885,-1.49282],[36.9759,-1.47802],[36.9453,-1.46362],[36.94866,-1.45735],[36.93533,-1.4554],[36.92187,-1.45849],[36.8826,-1.48901],[36.87598,-1.47938],[36.89054,-1.4105],[36.86928,-1.40763],[36.84771,-1.39702],[36.84208,-1.38612],[36.83401,-1.38919],[36.81774,-1.38105],[36.80499,-1.38888],[36.79256,-1.38517],[36.77245,-1.3886],[36.73174,-1.37842],[36.70049,-1.35264],[36.69313,-1.35462],[36.67607,-1.32992],[36.65987,-1.32207],[36.66389,-1.31521],[36.65764,-1.30479],[36.48823,-1.27179],[36.51061,-1.24019],[36.53373,-1.15591],[36.48927,-1.12253],[36.33392,-1.04937]]]]}},{"type":"Feature","id":35,"properties":{"code":35,"slug":"kericho","name":"Kericho"},"geometry":{"type":"MultiPolygon","coordinates":[[[[35.5228,0.01541],[35.51604,0.01586],[35.51357,0.00855],[35.47873,0.01536],[35.45914,0.01063],[35.45791,0.01502],[35.47063,0.01986],[35.46517,0.02735],[35.43483,0.02547],[35.43748,0.01878],[35.41351,0.00516],[35.40369,-0.02447],[35.424,-0.0782],[35.40218,-0.08723],[35.37161,-0.11034],[35.34096,-0.10952],[35.30794,-0.08674],[35.28008,-0.09936],[35.22648,-0.10657],[35.23648,-0.11959],[35.25331,-0.12054],[35.27032,-0.15259],[35.27737,-0.1448],[35.28456,-0.15706],[35.28027,-0.16596],[35.2894,-0.16513],[35.29574,-0.17604],[35.33032,-0.17625],[35.33994,-0.24006],[35.31331,-0.24882],[35.29832,-0.23832],[35.27065,-0.23788],[35.26176,-0.23363],[35.26117,-0.22385],[35.24763,-0.21314],[35.24479,-0.20176],[35.23653,-0.20105],[35.23184,-0.19394],[35.21866,-0.19429],[35.21515,-0.17507],[35.1865,-0.16005],[35.18337,-0.16613],[35.16327,-0.1628],[35.15496,-0.16633],[35.13777,-0.1635],[35.12834,-0.1561],[35.1039,-0.20168],[35.07246,-0.20875],[35.06351,-0.21571],[35.05248,-0.29442],[35.00825,-0.33871],[35.01233,-0.39142],[35.0214,-0.40518],[35.0198,-0.4129],[35.03213,-0.41948],[35.04485,-0.44682],[35.03304,-0.4976],[35.05135,-0.49959],[35.05832,-0.49138],[35.07315,-0.48992],[35.08371,-0.47269],[35.09657,-0.47341],[35.09913,-0.46683],[35.1043,-0.4684],[35.1189,-0.45934],[35.13236,-0.46126],[35.13489,-0.46564],[35.14139,-0.45649],[35.14974,-0.46619],[35.15771,-0.46406],[35.1668,-0.47137],[35.17279,-0.46939],[35.17742,-0.48138],[35.18415,-0.48537],[35.21811,-0.47945],[35.22011,-0.4708],[35.20858,-0.46607],[35.21799,-0.45551],[35.23198,-0.42235],[35.25918,-0.42441],[35.27533,-0.4179],[35.30136,-0.42542],[35.32053,-0.41717],[35.33141,-0.40456],[35.34763,-0.40775],[35.40002,-0.39991],[35.4095,-0.40505],[35.45109,-0.3654],[35.41247,-0.30244],[35.46929,-0.27775],[35.50274,-0.26909],[35.52459,-0.27011],[35.52813,-0.25961],[35.57147,-0.28222],[35.56821,-0.30341],[35.5801,-0.30801],[35.59131,-0.27753],[35.60074,-0.28321],[35.60369,-0.29358],[35.61053,-0.28875],[35.61956,-0.29389],[35.63023,-0.28777],[35.63117,-0.27561],[35.64543,-0.27132],[35.65173,-0.25769],[35.65656,-0.23611],[35.65472,-0.20661],[35.6604,-0.20496],[35.66277,-0.19419],[35.67251,-0.18892],[35.6646,-0.18566],[35.66954,-0.16319],[35.65374,-0.16494],[35.64682,-0.15156],[35.63895,-0.15061],[35.62398,-0.15064],[35.61016,-0.15912],[35.59971,-0.14711],[35.59861,-0.12263],[35.60372,-0.12299],[35.62292,-0.10301],[35.61441,-0.09143],[35.61497,-0.08439],[35.6238,-0.08096],[35.64015,-0.06097],[35.63457,-0.05422],[35.63838,-0.05028],[35.63216,-0.0361],[35.61016,-0.03249],[35.58247,-0.00777],[35.54345,-0.00851],[35.5228,0.01541]]]]}},{"type":"Feature","id":36,"properties":{"code":36,"slug":"bomet","name":"Bomet"},"geometry":{"type":"MultiPolygon","coordinates":[[[[35.45109,-0.3654],[35.40905,-0.40521],[35.40002,-0.39991],[35.34763,-0.40775],[35.33141,-0.40456],[35.32053,-0.41717],[35.30136,-0.42542],[35.27533,-0.4179],[35.25918,-0.42441],[35.23198,-0.42235],[35.21799,-0.45551],[35.20858,-0.46607],[35.22011,-0.4708],[35.21811,-0.47945],[35.18415,-0.48537],[35.17742,-0.48138],[35.17279,-0.46939],[35.1668,-0.47137],[35.15771,-0.46406],[35.14974,-0.46619],[35.14139,-0.45649],[35.13489,-0.46564],[35.13236,-0.46126],[35.1189,-0.45934],[35.1043,-0.4684],[35.09913,-0.46683],[35.09657,-0.47341],[35.08371,-0.47269],[35.07315,-0.48992],[35.05832,-0.49138],[35.05209,-0.49684],[35.05602,-0.50747],[35.04771,-0.52209],[35.05241,-0.53405],[35.04869,-0.5365],[35.05183,-0.54263],[35.04709,-0.57072],[35.06157,-0.60258],[35.05659,-0.61896],[35.06282,-0.6306],[35.05478,-0.64518],[35.05466,-0.65622],[35.07153,-0.69221],[35.05648,-0.6975],[35.04757,-0.70625],[35.09114,-0.8005],[35.04431,-0.85258],[35.03161,-0.84456],[35.02121,-0.84681],[35.02554,-0.87342],[35.01812,-0.87094],[35.01184,-0.88054],[35.01296,-0.88946],[35.08222,-0.9055],[35.24015,-1.03319],[35.24867,-1.03359],[35.25012,-1.02855],[35.25955,-1.02717],[35.26283,-1.01954],[35.27231,-1.02143],[35.27193,-1.01804],[35.3014,-1.00129],[35.30865,-1.0015],[35.31382,-0.99113],[35.33098,-0.98512],[35.32816,-0.98103],[35.33174,-0.97625],[35.33786,-0.97891],[35.34415,-0.97183],[35.34867,-0.97878],[35.35197,-0.96634],[35.35728,-0.97255],[35.36326,-0.97128],[35.36445,-0.97627],[35.37645,-0.96082],[35.39658,-0.95812],[35.40172,-0.94931],[35.41916,-0.94709],[35.42417,-0.93353],[35.42202,-0.91946],[35.42664,-0.91763],[35.42294,-0.90553],[35.42911,-0.90394],[35.42956,-0.89569],[35.43862,-0.89577],[35.43732,-0.88885],[35.4449,-0.88364],[35.45421,-0.88507],[35.4544,-0.87829],[35.46027,-0.87407],[35.45967,-0.86461],[35.46688,-0.86414],[35.47497,-0.85593],[35.4774,-0.84063],[35.48542,-0.83115],[35.50711,-0.82408],[35.52985,-0.80488],[35.42565,-0.72124],[35.39608,-0.64488],[35.58665,-0.58811],[35.45109,-0.3654]]]]}},{"type":"Feature","id":37,"properties":{"code":37,"slug":"kakamega","name":"Kakamega"},"geometry":{"type":"MultiPolygon","coordinates":[[[[35.01771,0.88754],[35.01217,0.85962],[35.02379,0.8504],[35.02658,0.82474],[35.04013,0.81813],[35.05118,0.80066],[35.06253,0.79482],[35.06598,0.78185],[35.06278,0.76309],[35.04341,0.76062],[35.03694,0.75536],[35.03901,0.74843],[35.03024,0.75172],[35.02362,0.74287],[35.01074,0.75289],[34.99658,0.74384],[34.97638,0.75541],[34.95691,0.74763],[34.94833,0.75173],[34.93937,0.7394],[34.92857,0.74012],[34.92135,0.72483],[34.92873,0.7092],[34.92558,0.70103],[34.90601,0.68473],[34.89146,0.69056],[34.88107,0.6824],[34.85966,0.68298],[34.85688,0.67389],[34.84418,0.66826],[34.8372,0.65657],[34.8308,0.62389],[34.81557,0.61607],[34.79856,0.59912],[34.80962,0.58564],[34.79641,0.5837],[34.76403,0.56286],[34.75954,0.54669],[34.73809,0.53144],[34.7266,0.51064],[34.7095,0.5036],[34.70142,0.50659],[34.68835,0.48467],[34.67517,0.48265],[34.67795,0.47124],[34.66651,0.45936],[34.6427,0.45027],[34.63134,0.45298],[34.62712,0.46281],[34.61766,0.45597],[34.61605,0.44283],[34.60506,0.45028],[34.59208,0.44503],[34.58995,0.41953],[34.58128,0.43048],[34.57765,0.45599],[34.56268,0.4578],[34.55127,0.46986],[34.53801,0.46106],[34.53233,0.44281],[34.49776,0.4578],[34.48272,0.48435],[34.46051,0.46918],[34.4397,0.46323],[34.40947,0.47626],[34.39266,0.46892],[34.38316,0.45909],[34.37529,0.46166],[34.36227,0.45772],[34.36121,0.43711],[34.34332,0.42548],[34.36094,0.40644],[34.37862,0.40526],[34.42338,0.37449],[34.4021,0.36279],[34.39742,0.34415],[34.38618,0.33762],[34.38333,0.3184],[34.37066,0.30656],[34.39692,0.28539],[34.38953,0.27542],[34.40141,0.26157],[34.3981,0.23408],[34.3838,0.22926],[34.39175,0.20725],[34.38459,0.182],[34.40043,0.18582],[34.42813,0.21258],[34.44482,0.2186],[34.45141,0.20683],[34.43628,0.20216],[34.42593,0.18686],[34.44173,0.16802],[34.43471,0.15678],[34.42493,0.15256],[34.43653,0.14609],[34.46708,0.15768],[34.4819,0.15163],[34.48172,0.13836],[34.47157,0.13118],[34.45673,0.13069],[34.45905,0.12309],[34.48008,0.11528],[34.47387,0.11276],[34.47357,0.1026],[34.47944,0.10566],[34.49316,0.1022],[34.49511,0.11116],[34.50329,0.11576],[34.49558,0.12185],[34.50027,0.12756],[34.50849,0.11827],[34.51382,0.1305],[34.52474,0.12427],[34.54165,0.13857],[34.55536,0.12796],[34.55322,0.1181],[34.54498,0.11344],[34.56075,0.10693],[34.55512,0.0993],[34.56035,0.09393],[34.58685,0.10434],[34.58627,0.11548],[34.62023,0.12675],[34.67627,0.12987],[34.68254,0.12155],[34.69564,0.13447],[34.7043,0.13111],[34.70436,0.1396],[34.71677,0.13973],[34.73832,0.14908],[34.73794,0.14193],[34.74734,0.136],[34.78549,0.15956],[34.79013,0.15745],[34.80506,0.16417],[34.81552,0.16183],[34.81089,0.18405],[34.82352,0.18735],[34.84584,0.18309],[34.85961,0.19891],[34.86668,0.1951],[34.87395,0.19998],[34.88355,0.19757],[34.89221,0.20682],[34.90296,0.19558],[34.92514,0.19919],[34.92786,0.2073],[34.94146,0.20702],[34.95515,0.24105],[34.97722,0.24043],[34.9441,0.31553],[34.93529,0.35714],[34.94706,0.35422],[34.95403,0.36677],[34.95604,0.41502],[34.92331,0.4749],[34.90647,0.49286],[34.90627,0.50256],[34.8503,0.54573],[34.89603,0.59915],[34.88889,0.60555],[34.92003,0.59142],[34.94395,0.6069],[34.9645,0.60952],[34.97655,0.62445],[34.99434,0.6298],[34.99783,0.63591],[35.02704,0.61383],[35.03885,0.63077],[35.03722,0.64145],[35.05345,0.63703],[35.05266,0.62995],[35.06354,0.63287],[35.0698,0.62868],[35.08524,0.62946],[35.10295,0.64679],[35.11246,0.64062],[35.12209,0.6528],[35.15414,0.66172],[35.14933,0.66635],[35.15292,0.67376],[35.15391,0.73974],[35.14687,0.73944],[35.14539,0.82646],[35.12984,0.82916],[35.12438,0.8265],[35.12395,0.81951],[35.11136,0.85459],[35.112,0.87981],[35.10111,0.87326],[35.08284,0.88231],[35.07825,0.89475],[35.0509,0.90071],[35.04646,0.89742],[35.03835,0.90051],[35.03748,0.89634],[35.02372,0.8944],[35.01771,0.88754]]]]}},{"type":"Feature","id":38,"properties":{"code":38,"slug":"vihiga","name":"Vihiga"},"geometry":{"type":"MultiPolygon","coordinates":[[[[34.58685,0.10434],[34.55497,0.08867],[34.56028,0.07165],[34.56018,0.04687],[34.5541,0.04356],[34.55122,0.01825],[34.53729,0.00537],[34.54349,-0.00439],[34.53411,-0.01537],[34.5476,-0.02192],[34.55478,-0.01551],[34.56361,-0.01629],[34.56001,-0.02926],[34.56423,-0.0398],[34.5825,-0.03121],[34.59208,-0.00732],[34.5889,0.00121],[34.60384,0.01237],[34.61385,-0.0007],[34.63754,-0.00066],[34.66279,-0.01444],[34.69057,-0.0106],[34.68669,-0.02647],[34.69424,-0.02085],[34.70809,-0.02182],[34.71495,-0.0104],[34.72757,-0.00655],[34.73994,-0.02577],[34.74707,-0.02473],[34.7391,-0.00226],[34.74254,0.00725],[34.75739,0.00934],[34.76241,-0.00356],[34.81043,0.03685],[34.83751,0.03628],[34.83886,0.04643],[34.8491,0.06039],[34.84824,0.06908],[34.85931,0.08375],[34.85907,0.12075],[34.88188,0.13693],[34.8842,0.14336],[34.91501,0.15512],[34.92514,0.19919],[34.90296,0.19558],[34.89221,0.20682],[34.88355,0.19757],[34.87395,0.19998],[34.86668,0.1951],[34.85974,0.19896],[34.84584,0.18309],[34.82352,0.18735],[34.81089,0.18405],[34.81552,0.16183],[34.80506,0.16417],[34.79013,0.15745],[34.78549,0.15956],[34.74734,0.136],[34.73794,0.14193],[34.73832,0.14908],[34.71677,0.13973],[34.70436,0.1396],[34.7043,0.13111],[34.69564,0.13447],[34.68254,0.12155],[34.67627,0.12987],[34.62023,0.12675],[34.58627,0.11548],[34.58685,0.10434]]]]}},{"type":"Feature","id":39,"properties":{"code":39,"slug":"bungoma","name":"Bungoma"},"geometry":{"type":"MultiPolygon","coordinates":[[[[34.58077,1.15033],[34.57745,1.10013],[34.52774,1.12157],[34.52736,1.10544],[34.50349,1.06982],[34.49364,1.04438],[34.47909,0.9396],[34.46415,0.91257],[34.44999,0.90121],[34.44599,0.86441],[34.41376,0.84326],[34.41432,0.83602],[34.4059,0.82903],[34.41213,0.8116],[34.396,0.80391],[34.38509,0.80457],[34.38235,0.79476],[34.37972,0.79893],[34.3756,0.79713],[34.37035,0.78499],[34.36053,0.77841],[34.36926,0.77219],[34.38227,0.77407],[34.40008,0.75648],[34.40641,0.75733],[34.4119,0.76761],[34.4241,0.76708],[34.43362,0.7408],[34.4315,0.72641],[34.42247,0.7316],[34.40321,0.72893],[34.41571,0.68998],[34.40926,0.68133],[34.4171,0.65962],[34.38314,0.64392],[34.37889,0.61301],[34.37558,0.60668],[34.36988,0.60658],[34.37012,0.59015],[34.37703,0.57881],[34.36831,0.56179],[34.39013,0.53883],[34.40834,0.50795],[34.40486,0.50067],[34.38588,0.49541],[34.38961,0.46953],[34.41683,0.47566],[34.43933,0.46315],[34.46051,0.46918],[34.48272,0.48435],[34.49776,0.4578],[34.53233,0.44281],[34.53801,0.46106],[34.55127,0.46986],[34.56268,0.4578],[34.57991,0.45385],[34.58128,0.43048],[34.58995,0.41953],[34.59175,0.4448],[34.60506,0.45028],[34.61605,0.44283],[34.61766,0.45597],[34.62712,0.46281],[34.63134,0.45298],[34.6427,0.45027],[34.66651,0.45936],[34.67795,0.47124],[34.67517,0.48265],[34.68835,0.48467],[34.70142,0.50659],[34.7095,0.5036],[34.7266,0.51064],[34.73809,0.53144],[34.75954,0.54669],[34.76403,0.56286],[34.79641,0.5837],[34.80962,0.58564],[34.79847,0.59889],[34.81557,0.61607],[34.8308,0.62389],[34.8346,0.6362],[34.83216,0.64553],[34.8377,0.64919],[34.84404,0.66813],[34.85453,0.67178],[34.86179,0.68382],[34.88107,0.6824],[34.89146,0.69056],[34.89692,0.68593],[34.90937,0.68579],[34.92857,0.70722],[34.92135,0.72443],[34.92857,0.74012],[34.93937,0.7394],[34.94833,0.75173],[34.95691,0.74763],[34.97638,0.75541],[34.99588,0.74396],[35.00364,0.74493],[35.01054,0.75291],[35.01936,0.74279],[35.02663,0.74341],[35.03024,0.75172],[35.03901,0.74843],[35.03694,0.75536],[35.04341,0.76062],[35.06247,0.76275],[35.06598,0.78185],[35.06236,0.7951],[35.05118,0.80066],[35.04013,0.81813],[35.03055,0.82009],[35.02342,0.83009],[35.02379,0.8504],[35.01203,0.86008],[35.01771,0.88754],[34.98497,0.88162],[34.98555,0.88646],[34.96474,0.87929],[34.9584,0.87212],[34.94143,0.86977],[34.93215,0.85252],[34.9271,0.85436],[34.86886,0.82564],[34.80832,0.80429],[34.81136,0.82005],[34.78558,0.88865],[34.79917,0.90368],[34.79796,0.91002],[34.78456,0.92334],[34.76777,0.92026],[34.73859,0.93728],[34.65354,1.05837],[34.66391,1.08385],[34.63277,1.09431],[34.61396,1.10839],[34.58077,1.15033]]]]}},{"type":"Feature","id":40,"properties":{"code":40,"slug":"busia","name":"Busia"},"geometry":{"type":"MultiPolygon","coordinates":[[[[34.36053,0.77841],[34.31299,0.76372],[34.30695,0.72063],[34.31281,0.69732],[34.27827,0.6809],[34.27975,0.65903],[34.27557,0.64229],[34.25161,0.63229],[34.24083,0.63563],[34.23596,0.62951],[34.22041,0.63254],[34.21515,0.62548],[34.20032,0.62823],[34.19193,0.62203],[34.1858,0.60688],[34.17681,0.6081],[34.15168,0.58781],[34.13764,0.58584],[34.12707,0.55793],[34.12611,0.53732],[34.11711,0.5233],[34.12337,0.51702],[34.11713,0.50991],[34.12081,0.48041],[34.08977,0.45631],[34.08992,0.4258],[34.10014,0.41264],[34.10892,0.37824],[34.10035,0.34987],[34.07278,0.32602],[34.05895,0.32468],[34.06011,0.31235],[34.05023,0.30486],[34.04987,0.29476],[34.0407,0.28953],[34.04233,0.27679],[34.02594,0.26908],[34.02246,0.25511],[34.00506,0.24075],[34.00536,0.23578],[33.91392,0.1114],[33.91182,0.10025],[33.95052,-0.02598],[34.0194,-0.02697],[34.04213,-0.00014],[34.066,0.09051],[34.07375,0.10481],[34.07183,0.11965],[34.08715,0.12642],[34.09139,0.12411],[34.09995,0.13585],[34.10513,0.13574],[34.10317,0.12548],[34.11421,0.14516],[34.11208,0.17608],[34.1055,0.1869],[34.11608,0.22008],[34.11609,0.24197],[34.13864,0.25828],[34.15776,0.28968],[34.15876,0.30052],[34.17579,0.29474],[34.18853,0.2758],[34.20322,0.2676],[34.20448,0.26006],[34.20765,0.28833],[34.23738,0.28965],[34.24992,0.31338],[34.25602,0.31488],[34.28695,0.30732],[34.33467,0.31122],[34.35659,0.30579],[34.36191,0.29778],[34.38333,0.3184],[34.38618,0.33762],[34.39742,0.34415],[34.4021,0.36279],[34.42338,0.37449],[34.37862,0.40526],[34.36094,0.40644],[34.34332,0.42548],[34.36121,0.43711],[34.36227,0.45772],[34.39062,0.46273],[34.38588,0.49541],[34.40865,0.50461],[34.3912,0.53734],[34.36831,0.56179],[34.37703,0.57881],[34.37012,0.59015],[34.36958,0.60397],[34.37889,0.61301],[34.38314,0.64392],[34.4171,0.65962],[34.40926,0.68133],[34.41571,0.68998],[34.40321,0.72893],[34.42247,0.7316],[34.4315,0.72641],[34.43369,0.73785],[34.4241,0.76708],[34.4119,0.76761],[34.40641,0.75733],[34.40008,0.75648],[34.38227,0.77407],[34.36926,0.77219],[34.36053,0.77841]]]]}},{"type":"Feature","id":41,"properties":{"code":41,"slug":"siaya","name":"Siaya"},"geometry":{"type":"MultiPolygon","coordinates":[[[[34.37066,0.30656],[34.36191,0.29778],[34.35659,0.30579],[34.33361,0.31137],[34.28695,0.30732],[34.26357,0.31522],[34.24992,0.31338],[34.23738,0.28965],[34.20765,0.28833],[34.20686,0.26284],[34.20448,0.26006],[34.20322,0.2676],[34.18853,0.2758],[34.17579,0.29474],[34.15876,0.30052],[34.15776,0.28968],[34.13864,0.25828],[34.11655,0.24287],[34.11608,0.22008],[34.1055,0.1869],[34.11208,0.17608],[34.11421,0.14516],[34.10317,0.12548],[34.10513,0.13574],[34.09995,0.13585],[34.09139,0.12411],[34.08715,0.12642],[34.07183,0.11965],[34.07375,0.10481],[34.066,0.09051],[34.04213,-0.00014],[34.0194,-0.02697],[33.95052,-0.02598],[33.98222,-0.12941],[33.94766,-0.33718],[34.23979,-0.33748],[34.28217,-0.4131],[34.29395,-0.42346],[34.30756,-0.42535],[34.32401,-0.4177],[34.42244,-0.33362],[34.48342,-0.29927],[34.41161,-0.0784],[34.46048,-0.04238],[34.48577,-0.02987],[34.52913,-0.02085],[34.54196,-0.00654],[34.53729,0.00537],[34.55122,0.01825],[34.5541,0.04356],[34.56018,0.04687],[34.56028,0.07165],[34.55497,0.08867],[34.56035,0.09393],[34.55512,0.0993],[34.56075,0.10693],[34.54502,0.11327],[34.55322,0.1181],[34.55544,0.1276],[34.54165,0.13857],[34.52474,0.12427],[34.51382,0.1305],[34.50849,0.11827],[34.50027,0.12756],[34.49558,0.12185],[34.50329,0.11576],[34.49511,0.11116],[34.49316,0.1022],[34.47944,0.10566],[34.47357,0.1026],[34.47387,0.11276],[34.48008,0.11528],[34.45905,0.12309],[34.45673,0.13069],[34.47157,0.13118],[34.48172,0.13836],[34.4819,0.15163],[34.46708,0.15768],[34.43653,0.14609],[34.42493,0.15256],[34.43471,0.15678],[34.44173,0.16802],[34.42593,0.18686],[34.43628,0.20216],[34.45141,0.20683],[34.44482,0.2186],[34.42849,0.21283],[34.40085,0.1861],[34.38509,0.1806],[34.39175,0.20725],[34.3838,0.22926],[34.3981,0.23408],[34.40141,0.26157],[34.38953,0.27542],[34.39692,0.28539],[34.37066,0.30656]]]]}},{"type":"Feature","id":42,"properties":{"code":42,"slug":"kisumu","name":"Kisumu"},"geometry":{"type":"MultiPolygon","coordinates":[[[[34.74707,-0.02473],[34.73994,-0.02577],[34.72757,-0.00655],[34.71495,-0.0104],[34.70809,-0.02182],[34.69424,-0.02085],[34.68669,-0.02647],[34.69057,-0.0106],[34.66279,-0.01444],[34.63754,-0.00066],[34.61385,-0.0007],[34.60384,0.01237],[34.5889,0.00121],[34.59208,-0.00732],[34.5825,-0.03121],[34.57579,-0.03589],[34.56493,-0.04011],[34.56126,-0.03527],[34.56282,-0.01582],[34.55478,-0.01551],[34.5476,-0.02192],[34.53411,-0.01537],[34.52913,-0.02085],[34.48577,-0.02987],[34.46048,-0.04238],[34.41161,-0.0784],[34.48342,-0.29927],[34.53242,-0.27171],[34.70638,-0.25805],[34.75464,-0.28946],[34.76009,-0.31356],[34.76884,-0.30975],[34.78137,-0.32298],[34.78553,-0.32198],[34.79014,-0.33055],[34.78277,-0.33237],[34.78546,-0.34127],[34.79261,-0.34134],[34.7902,-0.34776],[34.79811,-0.35409],[34.81055,-0.35119],[34.82269,-0.37088],[34.82379,-0.38767],[34.85767,-0.39193],[34.8621,-0.39732],[34.86639,-0.39406],[34.88535,-0.3968],[34.88774,-0.40144],[34.89396,-0.39376],[34.91502,-0.38508],[34.91408,-0.40311],[34.92539,-0.40138],[34.92947,-0.40328],[34.92971,-0.41186],[34.95896,-0.416],[34.97446,-0.40944],[34.98687,-0.41309],[34.98947,-0.40775],[35.00316,-0.40451],[35.01233,-0.39142],[35.00825,-0.33871],[35.05248,-0.29442],[35.06351,-0.21571],[35.07246,-0.20875],[35.1039,-0.20168],[35.12834,-0.1561],[35.13777,-0.1635],[35.15496,-0.16633],[35.16327,-0.1628],[35.18337,-0.16613],[35.1863,-0.16005],[35.20377,-0.16593],[35.21515,-0.17507],[35.21866,-0.19429],[35.23184,-0.19394],[35.23653,-0.20105],[35.24479,-0.20176],[35.24763,-0.21314],[35.26117,-0.22385],[35.26163,-0.23351],[35.27044,-0.23782],[35.29832,-0.23832],[35.31371,-0.24884],[35.34221,-0.23648],[35.33032,-0.17625],[35.29574,-0.17604],[35.2894,-0.16513],[35.28027,-0.16596],[35.28456,-0.15706],[35.27737,-0.1448],[35.27032,-0.15259],[35.25331,-0.12054],[35.23648,-0.11959],[35.22648,-0.10657],[35.22648,-0.06773],[35.22101,-0.03757],[35.20611,-0.02918],[35.19374,-0.02638],[35.16146,-0.03124],[35.15184,-0.03925],[35.1003,-0.00372],[35.10138,-0.02669],[35.0949,-0.03177],[35.09127,-0.04518],[35.07188,-0.05716],[35.06561,-0.06877],[35.05,-0.03561],[35.00684,-0.02961],[34.98942,-0.02013],[34.98981,-0.02477],[34.97878,-0.02458],[34.96465,-0.03232],[34.95284,-0.0269],[34.95517,-0.03097],[34.92372,-0.03668],[34.9212,-0.02681],[34.82666,-0.02845],[34.80905,-0.02284],[34.80369,-0.01285],[34.83067,0.02391],[34.81869,0.02194],[34.80962,0.01098],[34.80345,0.0101],[34.78727,-0.0071],[34.78098,-0.02139],[34.76326,-0.01747],[34.75461,-0.03342],[34.74707,-0.02473]]]]}},{"type":"Feature","id":43,"properties":{"code":43,"slug":"homa-bay","name":"Homa Bay"},"geometry":{"type":"MultiPolygon","coordinates":[[[[33.94766,-0.33718],[33.9281,-0.45482],[33.91998,-0.5618],[33.92824,-0.80242],[34.08098,-0.80242],[34.09692,-0.7823],[34.11279,-0.778],[34.12299,-0.78296],[34.13571,-0.77253],[34.13901,-0.77837],[34.15586,-0.76602],[34.16422,-0.77229],[34.17197,-0.77147],[34.17857,-0.76002],[34.19123,-0.76514],[34.20202,-0.75044],[34.21238,-0.7676],[34.23214,-0.78169],[34.25041,-0.81057],[34.26408,-0.81409],[34.29824,-0.83718],[34.32072,-0.86539],[34.33534,-0.86128],[34.33669,-0.85491],[34.3818,-0.8461],[34.39294,-0.83066],[34.38631,-0.81736],[34.39083,-0.81465],[34.43258,-0.83741],[34.46372,-0.8617],[34.47633,-0.83059],[34.49669,-0.81041],[34.49037,-0.79861],[34.48064,-0.79452],[34.48668,-0.79265],[34.48531,-0.78449],[34.50653,-0.76999],[34.50227,-0.76493],[34.507,-0.762],[34.52493,-0.76097],[34.5336,-0.7477],[34.53968,-0.70608],[34.56045,-0.66625],[34.58832,-0.66202],[34.58759,-0.6534],[34.60457,-0.65174],[34.63766,-0.66513],[34.6445,-0.63355],[34.66223,-0.60426],[34.68586,-0.60024],[34.70434,-0.57447],[34.75148,-0.55763],[34.76719,-0.54405],[34.80213,-0.52683],[34.84914,-0.51086],[34.88044,-0.48899],[34.90319,-0.48384],[34.93877,-0.46549],[34.96881,-0.44173],[35.00086,-0.42778],[35.01961,-0.4124],[35.02144,-0.40551],[35.01079,-0.39102],[35.00316,-0.40451],[34.98947,-0.40775],[34.98663,-0.4132],[34.97446,-0.40944],[34.94958,-0.41576],[34.92948,-0.41173],[34.92886,-0.40262],[34.91394,-0.40299],[34.91502,-0.38508],[34.89396,-0.39376],[34.88774,-0.40144],[34.88535,-0.3968],[34.86639,-0.39406],[34.8621,-0.39732],[34.85767,-0.39193],[34.82379,-0.38767],[34.82269,-0.37088],[34.81055,-0.35119],[34.79811,-0.35409],[34.7902,-0.34776],[34.79261,-0.34134],[34.78546,-0.34127],[34.78277,-0.33237],[34.79014,-0.33055],[34.78553,-0.32198],[34.78137,-0.32298],[34.76884,-0.30975],[34.76009,-0.31356],[34.75464,-0.28946],[34.70638,-0.25805],[34.53242,-0.27171],[34.42244,-0.33362],[34.32401,-0.4177],[34.30756,-0.42535],[34.29395,-0.42346],[34.28217,-0.4131],[34.23979,-0.33748],[33.94766,-0.33718]]]]}},{"type":"Feature","id":44,"properties":{"code":44,"slug":"migori","name":"Migori"},"geometry":{"type":"MultiPolygon","coordinates":[[[[33.92824,-0.80242],[33.93507,-1.0011],[34.01692,-1.00242],[34.02578,-1.01068],[34.03022,-1.03861],[34.03885,-1.04556],[34.05143,-1.04184],[34.07385,-1.02358],[34.08403,-1.02506],[34.73057,-1.38903],[34.68863,-1.21055],[34.6732,-1.20802],[34.67123,-1.19644],[34.65319,-1.18425],[34.65428,-1.17407],[34.63219,-1.15935],[34.63467,-1.14868],[34.62844,-1.11924],[34.61396,-1.08569],[34.61694,-1.07252],[34.59674,-1.05062],[34.59033,-1.01769],[34.64196,-0.96826],[34.63272,-0.96554],[34.61848,-0.90078],[34.63131,-0.72983],[34.644,-0.7052],[34.63766,-0.66513],[34.60457,-0.65174],[34.58759,-0.6534],[34.58832,-0.66202],[34.58394,-0.66001],[34.55663,-0.66979],[34.53968,-0.70608],[34.5336,-0.7477],[34.52493,-0.76097],[34.507,-0.762],[34.50227,-0.76493],[34.50653,-0.76999],[34.48531,-0.78449],[34.48668,-0.79265],[34.48064,-0.79452],[34.49037,-0.79861],[34.49669,-0.81041],[34.47633,-0.83059],[34.46372,-0.8617],[34.43258,-0.83741],[34.39083,-0.81465],[34.38631,-0.81736],[34.39294,-0.83066],[34.3818,-0.8461],[34.33669,-0.85491],[34.33534,-0.86128],[34.31927,-0.86509],[34.29824,-0.83718],[34.26408,-0.81409],[34.25041,-0.81057],[34.23214,-0.78169],[34.21238,-0.7676],[34.20202,-0.75044],[34.19123,-0.76514],[34.17857,-0.76002],[34.17197,-0.77147],[34.16422,-0.77229],[34.15586,-0.76602],[34.13901,-0.77837],[34.13571,-0.77253],[34.12299,-0.78296],[34.11279,-0.778],[34.09692,-0.7823],[34.08098,-0.80242],[33.92824,-0.80242]]]]}},{"type":"Feature","id":45,"properties":{"code":45,"slug":"kisii","name":"Kisii"},"geometry":{"type":"MultiPolygon","coordinates":[[[[34.63766,-0.66513],[34.644,-0.7052],[34.63131,-0.72983],[34.61848,-0.90078],[34.63272,-0.96554],[34.65054,-0.96527],[34.67593,-0.97319],[35.01296,-0.88946],[34.94389,-0.77312],[34.92253,-0.7609],[34.90662,-0.76023],[34.8959,-0.74576],[34.88736,-0.74692],[34.85332,-0.72518],[34.83628,-0.70837],[34.82459,-0.70508],[34.82061,-0.69165],[34.80761,-0.68568],[34.79447,-0.68859],[34.78617,-0.67369],[34.79881,-0.66546],[34.81229,-0.66965],[34.80968,-0.65174],[34.8159,-0.63168],[34.83171,-0.61555],[34.83493,-0.60391],[34.84589,-0.59545],[34.85114,-0.5959],[34.87054,-0.61997],[34.87423,-0.61159],[34.88021,-0.62006],[34.88666,-0.61518],[34.88993,-0.60072],[34.8783,-0.59042],[34.88127,-0.58539],[34.87234,-0.57443],[34.88381,-0.54075],[34.88283,-0.52387],[34.86206,-0.50133],[34.84914,-0.51086],[34.76719,-0.54405],[34.75148,-0.55763],[34.70434,-0.57447],[34.68586,-0.60024],[34.66223,-0.60426],[34.6445,-0.63355],[34.63766,-0.66513]]]]}},{"type":"Feature","id":46,"properties":{"code":46,"slug":"nyamira","name":"Nyamira"},"geometry":{"type":"MultiPolygon","coordinates":[[[[35.01961,-0.4124],[35.00086,-0.42778],[34.96881,-0.44173],[34.93877,-0.46549],[34.90319,-0.48384],[34.88044,-0.48899],[34.86206,-0.50133],[34.88283,-0.52387],[34.88381,-0.54075],[34.87234,-0.57443],[34.88127,-0.58539],[34.8783,-0.59042],[34.88993,-0.60072],[34.88666,-0.61518],[34.88021,-0.62006],[34.87423,-0.61159],[34.87054,-0.61997],[34.85114,-0.5959],[34.84589,-0.59545],[34.83493,-0.60391],[34.83171,-0.61555],[34.8159,-0.63168],[34.80968,-0.65174],[34.81229,-0.66965],[34.79881,-0.66546],[34.78617,-0.67369],[34.79447,-0.68859],[34.80761,-0.68568],[34.82061,-0.69165],[34.82459,-0.70508],[34.83628,-0.70837],[34.85332,-0.72518],[34.88736,-0.74692],[34.8959,-0.74576],[34.90662,-0.76023],[34.92253,-0.7609],[34.94389,-0.77312],[35.01296,-0.88946],[35.01184,-0.88054],[35.01812,-0.87094],[35.02554,-0.87342],[35.02121,-0.84681],[35.03161,-0.84456],[35.04431,-0.85258],[35.09114,-0.8005],[35.04757,-0.70625],[35.05648,-0.6975],[35.07153,-0.69221],[35.05494,-0.658],[35.05478,-0.64518],[35.06277,-0.63252],[35.05659,-0.61896],[35.06196,-0.60485],[35.04709,-0.57072],[35.05183,-0.54263],[35.04869,-0.5365],[35.05241,-0.53405],[35.04771,-0.52209],[35.05602,-0.50747],[35.04985,-0.4973],[35.03283,-0.49717],[35.03353,-0.48463],[35.04025,-0.47932],[35.04485,-0.44682],[35.03213,-0.41948],[35.01961,-0.4124]]]]}},{"type":"Feature","id":47,"properties":{"code":47,"slug":"nairobi","name":"Nairobi"},"geometry":{"type":"MultiPolygon","coordinates":[[[[36.68428,-1.2852],[36.65987,-1.32207],[36.67607,-1.32992],[36.69313,-1.35462],[36.70049,-1.35264],[36.73174,-1.37842],[36.77245,-1.3886],[36.79256,-1.38517],[36.80499,-1.38888],[36.81746,-1.38101],[36.83401,-1.38919],[36.84208,-1.38612],[36.84752,-1.39686],[36.86242,-1.40452],[36.88443,-1.40764],[36.89127,-1.41093],[36.88773,-1.41565],[36.93191,-1.43427],[36.94484,-1.4334],[36.95895,-1.44406],[36.96113,-1.43928],[36.94603,-1.4237],[36.94155,-1.40498],[36.92191,-1.39391],[36.90468,-1.36562],[36.93991,-1.33265],[36.97909,-1.31666],[36.98285,-1.31196],[36.97282,-1.28939],[36.99507,-1.28156],[37.00259,-1.30068],[37.02485,-1.2919],[37.07634,-1.30312],[37.07271,-1.29606],[37.07712,-1.28481],[37.08279,-1.28513],[37.09814,-1.27285],[37.10196,-1.2747],[37.1044,-1.26515],[37.08659,-1.24802],[37.09411,-1.24395],[37.08784,-1.23235],[37.07875,-1.23768],[37.06042,-1.20575],[37.04246,-1.2099],[37.00463,-1.23675],[36.98615,-1.2231],[36.95451,-1.2289],[36.92075,-1.21777],[36.90923,-1.20637],[36.93923,-1.17396],[36.91639,-1.16146],[36.89597,-1.16046],[36.88504,-1.1721],[36.8965,-1.1925],[36.87235,-1.1956],[36.85921,-1.18929],[36.85649,-1.202],[36.8476,-1.20279],[36.84549,-1.21149],[36.82699,-1.20625],[36.83044,-1.21466],[36.78805,-1.19109],[36.78123,-1.20229],[36.78794,-1.20931],[36.77381,-1.22982],[36.75317,-1.22087],[36.74454,-1.2355],[36.72618,-1.23238],[36.71754,-1.26146],[36.69019,-1.25891],[36.69147,-1.26826],[36.68439,-1.27463],[36.68428,-1.2852]]]]}}]}